T+0000s available=115.6GiB | 
T+0002s available=115.6GiB | 
T+0004s available=115.5GiB | 
T+0006s available=115.4GiB | (APIServer pid=1) [transformers] Unrecognized keys in `rope_parameters` for 'rope_type'='default': {'mrope_interleaved', 'mrope_section'}
T+0008s available=115.0GiB | (APIServer pid=1) [transformers] Unrecognized keys in `rope_parameters` for 'rope_type'='default': {'mrope_interleaved', 'mrope_section'}
T+0010s available=114.8GiB | (APIServer pid=1) [transformers] Unrecognized keys in `rope_parameters` for 'rope_type'='default': {'mrope_interleaved', 'mrope_section'}
T+0012s available=114.7GiB | (APIServer pid=1) [transformers] Unrecognized keys in `rope_parameters` for 'rope_type'='default': {'mrope_interleaved', 'mrope_section'}
T+0014s available=114.3GiB | (APIServer pid=1) [transformers] Unrecognized keys in `rope_parameters` for 'rope_type'='default': {'mrope_interleaved', 'mrope_section'}
T+0016s available=115.2GiB | (APIServer pid=1) INFO 09-07 18:23:04 [model.py:1965] Using max model len 262144
T+0018s available=114.4GiB | (APIServer pid=1) [transformers] Unrecognized keys in `rope_parameters` for 'rope_type'='default': {'mrope_interleaved', 'mrope_section'}
T+0020s available=114.2GiB | (APIServer pid=1) [transformers] Unrecognized keys in `rope_parameters` for 'rope_type'='default': {'mrope_interleaved', 'mrope_section'}
T+0022s available=113.9GiB | (APIServer pid=1) [transformers] Unrecognized keys in `rope_parameters` for 'rope_type'='default': {'mrope_interleaved', 'mrope_section'}
T+0024s available=114.9GiB | (APIServer pid=1) INFO 09-07 18:23:13 [compilation.py:329] Enabled custom fusions: norm_quant, act_quant
T+0026s available=114.6GiB | (APIServer pid=1) [transformers] Unrecognized keys in `rope_parameters` for 'rope_type'='default': {'mrope_interleaved', 'mrope_section'}
T+0028s available=114.4GiB | (APIServer pid=1) [transformers] The `use_fast` parameter is deprecated and will be removed in a future version. Use `backend="torchvision"` instead of `use_fas
T+0030s available=114.2GiB | (APIServer pid=1) [transformers] Unrecognized keys in `rope_parameters` for 'rope_type'='default': {'mrope_interleaved', 'mrope_section'}
T+0032s available=113.8GiB | (APIServer pid=1) [transformers] Unrecognized keys in `rope_parameters` for 'rope_type'='default': {'mrope_interleaved', 'mrope_section'}
T+0034s available=113.7GiB | (APIServer pid=1) [transformers] Unrecognized keys in `rope_parameters` for 'rope_type'='default': {'mrope_interleaved', 'mrope_section'}
T+0037s available=113.0GiB | (EngineCore pid=368) INFO 09-07 18:23:25 [multiproc_executor.py:150] DP group leader: node_rank=0, node_rank_within_dp=0, master_addr=192.168.101.14, mq_connect
T+0039s available=113.1GiB | (EngineCore pid=368) INFO 09-07 18:23:25 [multiproc_executor.py:150] DP group leader: node_rank=0, node_rank_within_dp=0, master_addr=192.168.101.14, mq_connect
T+0041s available=112.5GiB | (EngineCore pid=368) INFO 09-07 18:23:25 [multiproc_executor.py:150] DP group leader: node_rank=0, node_rank_within_dp=0, master_addr=192.168.101.14, mq_connect
T+0043s available=111.6GiB | (Worker pid=440) INFO 09-07 18:23:32 [gpu_worker.py:500] Using V2 Model Runner
T+0045s available=70.4GiB | (Worker_TP0_EP0 pid=440) INFO 09-07 18:23:33 [flash_attn.py:911] Using FlashAttention version 2
T+0047s available=47.5GiB | (Worker_TP0_EP0 pid=440) Loading safetensors checkpoint shards:   0% Completed | 0/206 [00:00<?, ?it/s]
T+0049s available=47.2GiB | (Worker_TP0_EP0 pid=440) Loading safetensors checkpoint shards:   0% Completed | 1/206 [00:02<07:23,  2.16s/it]
T+0051s available=47.4GiB | (Worker_TP0_EP0 pid=440) Loading safetensors checkpoint shards:   1% Completed | 2/206 [00:04<07:51,  2.31s/it]
T+0053s available=47.2GiB | (Worker_TP0_EP0 pid=440) Loading safetensors checkpoint shards:   2% Completed | 4/206 [00:05<03:41,  1.10s/it]
T+0055s available=47.0GiB | (Worker_TP0_EP0 pid=440) Loading safetensors checkpoint shards:   2% Completed | 5/206 [00:07<05:04,  1.51s/it]
T+0057s available=47.4GiB | (Worker_TP0_EP0 pid=440) Loading safetensors checkpoint shards:   3% Completed | 7/206 [00:10<04:29,  1.35s/it]
T+0059s available=47.2GiB | (Worker_TP0_EP0 pid=440) Loading safetensors checkpoint shards:   4% Completed | 8/206 [00:11<03:31,  1.07s/it]
T+0061s available=47.1GiB | (Worker_TP0_EP0 pid=440) Loading safetensors checkpoint shards:   4% Completed | 9/206 [00:13<04:53,  1.49s/it]
T+0063s available=47.4GiB | (Worker_TP0_EP0 pid=440) Loading safetensors checkpoint shards:   6% Completed | 12/206 [00:16<03:34,  1.11s/it]
T+0065s available=47.1GiB | (Worker_TP0_EP0 pid=440) Loading safetensors checkpoint shards:   6% Completed | 12/206 [00:16<03:34,  1.11s/it]
T+0067s available=47.0GiB | (Worker_TP0_EP0 pid=440) Loading safetensors checkpoint shards:   6% Completed | 13/206 [00:19<05:02,  1.57s/it]
T+0069s available=47.3GiB | (Worker_TP0_EP0 pid=440) Loading safetensors checkpoint shards:   8% Completed | 16/206 [00:23<03:40,  1.16s/it]
T+0071s available=47.0GiB | (Worker_TP0_EP0 pid=440) Loading safetensors checkpoint shards:   8% Completed | 16/206 [00:23<03:40,  1.16s/it]
T+0073s available=46.9GiB | (Worker_TP0_EP0 pid=440) Loading safetensors checkpoint shards:   8% Completed | 17/206 [00:25<04:37,  1.47s/it]
T+0075s available=47.3GiB | (Worker_TP0_EP0 pid=440) Loading safetensors checkpoint shards:  10% Completed | 20/206 [00:28<03:25,  1.11s/it]
T+0077s available=47.1GiB | (Worker_TP0_EP0 pid=440) Loading safetensors checkpoint shards:  10% Completed | 21/206 [00:30<04:34,  1.48s/it]
T+0079s available=46.9GiB | (Worker_TP0_EP0 pid=440) Loading safetensors checkpoint shards:  10% Completed | 21/206 [00:30<04:34,  1.48s/it]
T+0081s available=47.3GiB | (Worker_TP0_EP0 pid=440) Loading safetensors checkpoint shards:  12% Completed | 24/206 [00:34<03:23,  1.12s/it]
T+0083s available=47.3GiB | (Worker_TP0_EP0 pid=440) Loading safetensors checkpoint shards:  12% Completed | 25/206 [00:37<04:52,  1.61s/it]
T+0085s available=47.1GiB | (Worker_TP0_EP0 pid=440) Loading safetensors checkpoint shards:  12% Completed | 25/206 [00:37<04:52,  1.61s/it]
T+0087s available=47.5GiB | (Worker_TP0_EP0 pid=440) Loading safetensors checkpoint shards:  13% Completed | 27/206 [00:40<04:47,  1.61s/it]
T+0089s available=47.3GiB | (Worker_TP0_EP0 pid=440) Loading safetensors checkpoint shards:  14% Completed | 28/206 [00:41<03:52,  1.31s/it]
T+0091s available=47.2GiB | (Worker_TP0_EP0 pid=440) Loading safetensors checkpoint shards:  14% Completed | 29/206 [00:44<05:04,  1.72s/it]
T+0094s available=47.6GiB | (Worker_TP0_EP0 pid=440) Loading safetensors checkpoint shards:  16% Completed | 32/206 [00:47<03:29,  1.20s/it]
T+0096s available=47.3GiB | (Worker_TP0_EP0 pid=440) Loading safetensors checkpoint shards:  16% Completed | 32/206 [00:47<03:29,  1.20s/it]
T+0098s available=47.3GiB | (Worker_TP0_EP0 pid=440) Loading safetensors checkpoint shards:  16% Completed | 33/206 [00:49<04:16,  1.49s/it]
T+0100s available=47.7GiB | (Worker_TP0_EP0 pid=440) Loading safetensors checkpoint shards:  17% Completed | 35/206 [00:53<04:20,  1.52s/it]
T+0102s available=47.5GiB | (Worker_TP0_EP0 pid=440) Loading safetensors checkpoint shards:  17% Completed | 36/206 [00:53<03:35,  1.27s/it]
T+0104s available=47.5GiB | (Worker_TP0_EP0 pid=440) Loading safetensors checkpoint shards:  18% Completed | 37/206 [00:56<04:37,  1.64s/it]
T+0106s available=47.7GiB | (Worker_TP0_EP0 pid=440) Loading safetensors checkpoint shards:  19% Completed | 39/206 [00:59<04:14,  1.53s/it]
T+0108s available=47.5GiB | (Worker_TP0_EP0 pid=440) Loading safetensors checkpoint shards:  19% Completed | 40/206 [00:59<03:19,  1.20s/it]
T+0110s available=47.4GiB | (Worker_TP0_EP0 pid=440) Loading safetensors checkpoint shards:  20% Completed | 41/206 [01:02<04:31,  1.65s/it]
T+0112s available=47.7GiB | (Worker_TP0_EP0 pid=440) Loading safetensors checkpoint shards:  20% Completed | 42/206 [01:05<05:23,  1.97s/it]
T+0114s available=47.5GiB | (Worker_TP0_EP0 pid=440) Loading safetensors checkpoint shards:  21% Completed | 44/206 [01:06<03:17,  1.22s/it]
T+0116s available=47.4GiB | (Worker_TP0_EP0 pid=440) Loading safetensors checkpoint shards:  22% Completed | 45/206 [01:08<04:23,  1.64s/it]
T+0118s available=47.5GiB | (Worker_TP0_EP0 pid=440) Loading safetensors checkpoint shards:  22% Completed | 46/206 [01:11<05:20,  2.01s/it]
T+0120s available=47.6GiB | (Worker_TP0_EP0 pid=440) Loading safetensors checkpoint shards:  23% Completed | 48/206 [01:12<03:15,  1.24s/it]
T+0122s available=47.5GiB | (Worker_TP0_EP0 pid=440) Loading safetensors checkpoint shards:  24% Completed | 49/206 [01:15<04:10,  1.60s/it]
T+0124s available=47.7GiB | (Worker_TP0_EP0 pid=440) Loading safetensors checkpoint shards:  24% Completed | 50/206 [01:17<04:49,  1.86s/it]
T+0126s available=47.5GiB | (Worker_TP0_EP0 pid=440) Loading safetensors checkpoint shards:  25% Completed | 52/206 [01:18<03:06,  1.21s/it]
T+0128s available=47.4GiB | (Worker_TP0_EP0 pid=440) Loading safetensors checkpoint shards:  26% Completed | 53/206 [01:21<04:04,  1.60s/it]
T+0130s available=47.5GiB | (Worker_TP0_EP0 pid=440) Loading safetensors checkpoint shards:  26% Completed | 54/206 [01:24<04:47,  1.89s/it]
T+0132s available=47.6GiB | (Worker_TP0_EP0 pid=440) Loading safetensors checkpoint shards:  27% Completed | 56/206 [01:25<02:59,  1.20s/it]
T+0134s available=47.6GiB | (Worker_TP0_EP0 pid=440) Loading safetensors checkpoint shards:  28% Completed | 57/206 [01:27<03:59,  1.61s/it]
T+0136s available=47.4GiB | (Worker_TP0_EP0 pid=440) Loading safetensors checkpoint shards:  28% Completed | 57/206 [01:27<03:59,  1.61s/it]
T+0138s available=47.7GiB | (Worker_TP0_EP0 pid=440) Loading safetensors checkpoint shards:  29% Completed | 60/206 [01:31<02:52,  1.18s/it]
T+0140s available=47.4GiB | (Worker_TP0_EP0 pid=440) Loading safetensors checkpoint shards:  30% Completed | 61/206 [01:34<04:11,  1.74s/it]
T+0142s available=47.4GiB | (Worker_TP0_EP0 pid=440) Loading safetensors checkpoint shards:  30% Completed | 61/206 [01:34<04:11,  1.74s/it]
T+0144s available=47.8GiB | (Worker_TP0_EP0 pid=440) Loading safetensors checkpoint shards:  31% Completed | 64/206 [01:38<03:00,  1.27s/it]
T+0146s available=47.5GiB | (Worker_TP0_EP0 pid=440) Loading safetensors checkpoint shards:  31% Completed | 64/206 [01:38<03:00,  1.27s/it]
T+0148s available=47.5GiB | (Worker_TP0_EP0 pid=440) Loading safetensors checkpoint shards:  32% Completed | 65/206 [01:40<03:47,  1.61s/it]
T+0150s available=47.7GiB | (Worker_TP0_EP0 pid=440) Loading safetensors checkpoint shards:  33% Completed | 68/206 [01:43<02:37,  1.14s/it]
T+0153s available=47.5GiB | (Worker_TP0_EP0 pid=440) Loading safetensors checkpoint shards:  33% Completed | 69/206 [01:46<03:17,  1.44s/it]
T+0155s available=47.7GiB | (Worker_TP0_EP0 pid=440) Loading safetensors checkpoint shards:  34% Completed | 70/206 [01:48<03:48,  1.68s/it]
T+0157s available=47.5GiB | (Worker_TP0_EP0 pid=440) Loading safetensors checkpoint shards:  35% Completed | 72/206 [01:49<02:21,  1.06s/it]
T+0159s available=47.5GiB | (Worker_TP0_EP0 pid=440) Loading safetensors checkpoint shards:  35% Completed | 73/206 [01:51<03:10,  1.43s/it]
T+0161s available=47.8GiB | (Worker_TP0_EP0 pid=440) Loading safetensors checkpoint shards:  36% Completed | 75/206 [01:54<02:58,  1.36s/it]
T+0163s available=47.5GiB | (Worker_TP0_EP0 pid=440) Loading safetensors checkpoint shards:  37% Completed | 76/206 [01:54<02:22,  1.09s/it]
T+0165s available=47.5GiB | (Worker_TP0_EP0 pid=440) Loading safetensors checkpoint shards:  37% Completed | 77/206 [01:57<03:12,  1.49s/it]
T+0167s available=47.7GiB | (Worker_TP0_EP0 pid=440) Loading safetensors checkpoint shards:  39% Completed | 80/206 [02:00<02:15,  1.08s/it]
T+0169s available=47.6GiB | (Worker_TP0_EP0 pid=440) Loading safetensors checkpoint shards:  39% Completed | 81/206 [02:02<02:54,  1.39s/it]
T+0171s available=47.3GiB | (Worker_TP0_EP0 pid=440) Loading safetensors checkpoint shards:  40% Completed | 82/206 [02:04<03:20,  1.62s/it]
T+0173s available=47.6GiB | (Worker_TP0_EP0 pid=440) Loading safetensors checkpoint shards:  41% Completed | 84/206 [02:05<02:06,  1.03s/it]
T+0175s available=47.5GiB | (Worker_TP0_EP0 pid=440) Loading safetensors checkpoint shards:  41% Completed | 85/206 [02:08<02:50,  1.41s/it]
T+0177s available=47.7GiB | (Worker_TP0_EP0 pid=440) Loading safetensors checkpoint shards:  42% Completed | 86/206 [02:10<03:28,  1.74s/it]
T+0179s available=47.6GiB | (Worker_TP0_EP0 pid=440) Loading safetensors checkpoint shards:  43% Completed | 88/206 [02:11<02:07,  1.08s/it]
T+0181s available=47.5GiB | (Worker_TP0_EP0 pid=440) Loading safetensors checkpoint shards:  43% Completed | 89/206 [02:13<02:46,  1.42s/it]
T+0183s available=47.8GiB | (Worker_TP0_EP0 pid=440) Loading safetensors checkpoint shards:  45% Completed | 92/206 [02:16<01:59,  1.05s/it]
T+0185s available=47.5GiB | (Worker_TP0_EP0 pid=440) Loading safetensors checkpoint shards:  45% Completed | 92/206 [02:16<01:59,  1.05s/it]
T+0187s available=47.5GiB | (Worker_TP0_EP0 pid=440) Loading safetensors checkpoint shards:  45% Completed | 93/206 [02:19<02:41,  1.43s/it]
T+0189s available=47.7GiB | (Worker_TP0_EP0 pid=440) Loading safetensors checkpoint shards:  47% Completed | 96/206 [02:22<01:53,  1.03s/it]
T+0191s available=47.6GiB | (Worker_TP0_EP0 pid=440) Loading safetensors checkpoint shards:  47% Completed | 97/206 [02:24<02:37,  1.44s/it]
T+0193s available=47.8GiB | (Worker_TP0_EP0 pid=440) Loading safetensors checkpoint shards:  48% Completed | 98/206 [02:27<03:03,  1.70s/it]
T+0195s available=47.6GiB | (Worker_TP0_EP0 pid=440) Loading safetensors checkpoint shards:  49% Completed | 100/206 [02:27<01:48,  1.02s/it]
T+0197s available=47.4GiB | (Worker_TP0_EP0 pid=440) Loading safetensors checkpoint shards:  49% Completed | 101/206 [02:30<02:32,  1.45s/it]
T+0199s available=47.7GiB | (Worker_TP0_EP0 pid=440) Loading safetensors checkpoint shards:  50% Completed | 103/206 [02:33<02:19,  1.35s/it]
T+0201s available=47.6GiB | (Worker_TP0_EP0 pid=440) Loading safetensors checkpoint shards:  50% Completed | 104/206 [02:33<01:50,  1.09s/it]
T+0203s available=47.7GiB | (Worker_TP0_EP0 pid=440) Loading safetensors checkpoint shards:  51% Completed | 105/206 [02:36<02:51,  1.70s/it]
T+0205s available=47.5GiB | (Worker_TP0_EP0 pid=440) Loading safetensors checkpoint shards:  51% Completed | 105/206 [02:36<02:51,  1.70s/it]
T+0207s available=47.8GiB | (Worker_TP0_EP0 pid=440) Loading safetensors checkpoint shards:  52% Completed | 108/206 [02:40<02:10,  1.33s/it]
T+0209s available=47.5GiB | (Worker_TP0_EP0 pid=440) Loading safetensors checkpoint shards:  52% Completed | 108/206 [02:40<02:10,  1.33s/it]
T+0212s available=47.5GiB | (Worker_TP0_EP0 pid=440) Loading safetensors checkpoint shards:  53% Completed | 109/206 [02:43<02:57,  1.83s/it]
T+0214s available=47.8GiB | (Worker_TP0_EP0 pid=440) Loading safetensors checkpoint shards:  53% Completed | 110/206 [02:47<03:33,  2.22s/it]
T+0216s available=47.6GiB | (Worker_TP0_EP0 pid=440) Loading safetensors checkpoint shards:  54% Completed | 112/206 [02:48<02:03,  1.31s/it]
T+0218s available=47.7GiB | (Worker_TP0_EP0 pid=440) Loading safetensors checkpoint shards:  55% Completed | 113/206 [02:51<02:51,  1.84s/it]
T+0220s available=47.5GiB | (Worker_TP0_EP0 pid=440) Loading safetensors checkpoint shards:  55% Completed | 113/206 [02:51<02:51,  1.84s/it]
T+0222s available=47.7GiB | (Worker_TP0_EP0 pid=440) Loading safetensors checkpoint shards:  56% Completed | 116/206 [02:55<01:58,  1.32s/it]
T+0224s available=47.5GiB | (Worker_TP0_EP0 pid=440) Loading safetensors checkpoint shards:  56% Completed | 116/206 [02:55<01:58,  1.32s/it]
T+0226s available=47.5GiB | (Worker_TP0_EP0 pid=440) Loading safetensors checkpoint shards:  57% Completed | 117/206 [02:57<02:38,  1.78s/it]
T+0228s available=47.8GiB | (Worker_TP0_EP0 pid=440) Loading safetensors checkpoint shards:  58% Completed | 119/206 [03:01<02:23,  1.65s/it]
T+0230s available=47.6GiB | (Worker_TP0_EP0 pid=440) Loading safetensors checkpoint shards:  58% Completed | 120/206 [03:01<01:49,  1.28s/it]
T+0232s available=47.7GiB | (Worker_TP0_EP0 pid=440) Loading safetensors checkpoint shards:  59% Completed | 121/206 [03:04<02:31,  1.79s/it]
T+0234s available=47.5GiB | (Worker_TP0_EP0 pid=440) Loading safetensors checkpoint shards:  59% Completed | 122/206 [03:07<03:02,  2.18s/it]
T+0236s available=47.7GiB | (Worker_TP0_EP0 pid=440) Loading safetensors checkpoint shards:  60% Completed | 124/206 [03:08<01:44,  1.27s/it]
T+0238s available=47.7GiB | (Worker_TP0_EP0 pid=440) Loading safetensors checkpoint shards:  61% Completed | 125/206 [03:11<02:25,  1.79s/it]
T+0240s available=47.5GiB | (Worker_TP0_EP0 pid=440) Loading safetensors checkpoint shards:  61% Completed | 125/206 [03:11<02:25,  1.79s/it]
T+0242s available=47.8GiB | (Worker_TP0_EP0 pid=440) Loading safetensors checkpoint shards:  62% Completed | 128/206 [03:15<01:37,  1.25s/it]
T+0244s available=47.6GiB | (Worker_TP0_EP0 pid=440) Loading safetensors checkpoint shards:  62% Completed | 128/206 [03:15<01:37,  1.25s/it]
T+0246s available=47.6GiB | (Worker_TP0_EP0 pid=440) Loading safetensors checkpoint shards:  63% Completed | 129/206 [03:18<02:17,  1.79s/it]
T+0248s available=47.9GiB | (Worker_TP0_EP0 pid=440) Loading safetensors checkpoint shards:  64% Completed | 131/206 [03:22<02:03,  1.64s/it]
T+0250s available=47.7GiB | (Worker_TP0_EP0 pid=440) Loading safetensors checkpoint shards:  64% Completed | 132/206 [03:22<01:34,  1.27s/it]
T+0252s available=47.7GiB | (Worker_TP0_EP0 pid=440) Loading safetensors checkpoint shards:  65% Completed | 133/206 [03:25<02:12,  1.82s/it]
T+0254s available=47.5GiB | (Worker_TP0_EP0 pid=440) Loading safetensors checkpoint shards:  65% Completed | 133/206 [03:25<02:12,  1.82s/it]
T+0256s available=47.7GiB | (Worker_TP0_EP0 pid=440) Loading safetensors checkpoint shards:  66% Completed | 136/206 [03:29<01:29,  1.28s/it]
T+0258s available=47.5GiB | (Worker_TP0_EP0 pid=440) Loading safetensors checkpoint shards:  66% Completed | 136/206 [03:29<01:29,  1.28s/it]
T+0260s available=47.5GiB | (Worker_TP0_EP0 pid=440) Loading safetensors checkpoint shards:  67% Completed | 137/206 [03:32<02:03,  1.78s/it]
T+0262s available=47.8GiB | (Worker_TP0_EP0 pid=440) Loading safetensors checkpoint shards:  68% Completed | 140/206 [03:36<01:23,  1.26s/it]
T+0264s available=47.6GiB | (Worker_TP0_EP0 pid=440) Loading safetensors checkpoint shards:  68% Completed | 140/206 [03:36<01:23,  1.26s/it]
T+0266s available=47.6GiB | (Worker_TP0_EP0 pid=440) Loading safetensors checkpoint shards:  68% Completed | 141/206 [03:39<01:56,  1.80s/it]
T+0269s available=47.8GiB | (Worker_TP0_EP0 pid=440) Loading safetensors checkpoint shards:  69% Completed | 142/206 [03:42<02:19,  2.18s/it]
T+0271s available=47.7GiB | (Worker_TP0_EP0 pid=440) Loading safetensors checkpoint shards:  70% Completed | 144/206 [03:43<01:19,  1.28s/it]
T+0273s available=47.8GiB | (Worker_TP0_EP0 pid=440) Loading safetensors checkpoint shards:  70% Completed | 145/206 [03:46<01:49,  1.80s/it]
T+0275s available=47.5GiB | (Worker_TP0_EP0 pid=440) Loading safetensors checkpoint shards:  70% Completed | 145/206 [03:46<01:49,  1.80s/it]
T+0277s available=47.8GiB | (Worker_TP0_EP0 pid=440) Loading safetensors checkpoint shards:  72% Completed | 148/206 [03:50<01:13,  1.27s/it]
T+0279s available=47.6GiB | (Worker_TP0_EP0 pid=440) Loading safetensors checkpoint shards:  72% Completed | 148/206 [03:50<01:13,  1.27s/it]
T+0281s available=47.5GiB | (Worker_TP0_EP0 pid=440) Loading safetensors checkpoint shards:  72% Completed | 149/206 [03:52<01:39,  1.75s/it]
T+0283s available=47.9GiB | (Worker_TP0_EP0 pid=440) Loading safetensors checkpoint shards:  74% Completed | 152/206 [03:56<01:06,  1.23s/it]
T+0285s available=47.6GiB | (Worker_TP0_EP0 pid=440) Loading safetensors checkpoint shards:  74% Completed | 152/206 [03:56<01:06,  1.23s/it]
T+0287s available=47.6GiB | (Worker_TP0_EP0 pid=440) Loading safetensors checkpoint shards:  74% Completed | 153/206 [03:59<01:32,  1.74s/it]
T+0289s available=47.7GiB | (Worker_TP0_EP0 pid=440) Loading safetensors checkpoint shards:  75% Completed | 154/206 [04:02<01:51,  2.14s/it]
T+0291s available=47.7GiB | (Worker_TP0_EP0 pid=440) Loading safetensors checkpoint shards:  76% Completed | 156/206 [04:03<01:01,  1.24s/it]
T+0293s available=47.6GiB | (Worker_TP0_EP0 pid=440) Loading safetensors checkpoint shards:  76% Completed | 157/206 [04:06<01:27,  1.78s/it]
T+0295s available=47.4GiB | (Worker_TP0_EP0 pid=440) Loading safetensors checkpoint shards:  76% Completed | 157/206 [04:06<01:27,  1.78s/it]
T+0297s available=47.7GiB | (Worker_TP0_EP0 pid=440) Loading safetensors checkpoint shards:  78% Completed | 160/206 [04:10<00:57,  1.24s/it]
T+0299s available=47.8GiB | (Worker_TP0_EP0 pid=440) Loading safetensors checkpoint shards:  78% Completed | 161/206 [04:12<01:15,  1.67s/it]
T+0301s available=47.6GiB | (Worker_TP0_EP0 pid=440) Loading safetensors checkpoint shards:  78% Completed | 161/206 [04:12<01:15,  1.67s/it]
T+0303s available=47.8GiB | (Worker_TP0_EP0 pid=440) Loading safetensors checkpoint shards:  80% Completed | 164/206 [04:16<00:51,  1.22s/it]
T+0305s available=47.6GiB | (Worker_TP0_EP0 pid=440) Loading safetensors checkpoint shards:  80% Completed | 164/206 [04:16<00:51,  1.22s/it]
T+0307s available=47.7GiB | (Worker_TP0_EP0 pid=440) Loading safetensors checkpoint shards:  80% Completed | 165/206 [04:19<01:10,  1.72s/it]
T+0309s available=47.8GiB | (Worker_TP0_EP0 pid=440) Loading safetensors checkpoint shards:  82% Completed | 168/206 [04:22<00:43,  1.15s/it]
T+0311s available=47.6GiB | (Worker_TP0_EP0 pid=440) Loading safetensors checkpoint shards:  82% Completed | 168/206 [04:22<00:43,  1.15s/it]
T+0313s available=47.5GiB | (Worker_TP0_EP0 pid=440) Loading safetensors checkpoint shards:  82% Completed | 169/206 [04:25<00:58,  1.58s/it]
T+0315s available=47.8GiB | (Worker_TP0_EP0 pid=440) Loading safetensors checkpoint shards:  83% Completed | 172/206 [04:28<00:38,  1.12s/it]
T+0317s available=47.6GiB | (Worker_TP0_EP0 pid=440) Loading safetensors checkpoint shards:  83% Completed | 172/206 [04:28<00:38,  1.12s/it]
T+0319s available=47.5GiB | (Worker_TP0_EP0 pid=440) Loading safetensors checkpoint shards:  84% Completed | 173/206 [04:31<00:52,  1.59s/it]
T+0321s available=47.8GiB | (Worker_TP0_EP0 pid=440) Loading safetensors checkpoint shards:  85% Completed | 176/206 [04:34<00:34,  1.14s/it]
T+0323s available=47.5GiB | (Worker_TP0_EP0 pid=440) Loading safetensors checkpoint shards:  85% Completed | 176/206 [04:34<00:34,  1.14s/it]
T+0326s available=47.4GiB | (Worker_TP0_EP0 pid=440) Loading safetensors checkpoint shards:  86% Completed | 177/206 [04:37<00:45,  1.58s/it]
T+0328s available=47.8GiB | (Worker_TP0_EP0 pid=440) Loading safetensors checkpoint shards:  87% Completed | 180/206 [04:41<00:29,  1.12s/it]
T+0330s available=47.7GiB | (Worker_TP0_EP0 pid=440) Loading safetensors checkpoint shards:  88% Completed | 181/206 [04:43<00:38,  1.53s/it]
T+0332s available=47.5GiB | (Worker_TP0_EP0 pid=440) Loading safetensors checkpoint shards:  88% Completed | 181/206 [04:43<00:38,  1.53s/it]
T+0334s available=47.8GiB | (Worker_TP0_EP0 pid=440) Loading safetensors checkpoint shards:  89% Completed | 184/206 [04:47<00:24,  1.13s/it]
T+0336s available=47.5GiB | (Worker_TP0_EP0 pid=440) Loading safetensors checkpoint shards:  89% Completed | 184/206 [04:47<00:24,  1.13s/it]
T+0338s available=47.5GiB | (Worker_TP0_EP0 pid=440) Loading safetensors checkpoint shards:  90% Completed | 185/206 [04:49<00:34,  1.66s/it]
T+0340s available=47.8GiB | (Worker_TP0_EP0 pid=440) Loading safetensors checkpoint shards:  91% Completed | 188/206 [04:53<00:21,  1.20s/it]
T+0342s available=47.5GiB | (Worker_TP0_EP0 pid=440) Loading safetensors checkpoint shards:  91% Completed | 188/206 [04:53<00:21,  1.20s/it]
T+0344s available=47.5GiB | (Worker_TP0_EP0 pid=440) Loading safetensors checkpoint shards:  92% Completed | 189/206 [04:56<00:28,  1.67s/it]
T+0346s available=47.7GiB | (Worker_TP0_EP0 pid=440) Loading safetensors checkpoint shards:  93% Completed | 192/206 [04:59<00:15,  1.11s/it]
T+0348s available=47.4GiB | (Worker_TP0_EP0 pid=440) Loading safetensors checkpoint shards:  93% Completed | 192/206 [04:59<00:15,  1.11s/it]
T+0350s available=47.8GiB | (Worker_TP0_EP0 pid=440) Loading safetensors checkpoint shards:  94% Completed | 194/206 [05:03<00:18,  1.52s/it]
T+0352s available=47.4GiB | (Worker_TP0_EP0 pid=440) Loading safetensors checkpoint shards:  94% Completed | 194/206 [05:03<00:18,  1.52s/it]
T+0354s available=47.0GiB | (Worker_TP0_EP0 pid=440) Loading safetensors checkpoint shards:  94% Completed | 194/206 [05:03<00:18,  1.52s/it]
T+0356s available=46.6GiB | (Worker_TP0_EP0 pid=440) Loading safetensors checkpoint shards:  94% Completed | 194/206 [05:03<00:18,  1.52s/it]
T+0358s available=46.3GiB | (Worker_TP0_EP0 pid=440) Loading safetensors checkpoint shards:  94% Completed | 194/206 [05:03<00:18,  1.52s/it]
T+0360s available=45.9GiB | (Worker_TP0_EP0 pid=440) Loading safetensors checkpoint shards:  94% Completed | 194/206 [05:03<00:18,  1.52s/it]
T+0362s available=45.6GiB | (Worker_TP0_EP0 pid=440) Loading safetensors checkpoint shards:  94% Completed | 194/206 [05:03<00:18,  1.52s/it]
T+0364s available=45.2GiB | (Worker_TP0_EP0 pid=440) Loading safetensors checkpoint shards:  95% Completed | 195/206 [05:18<00:59,  5.44s/it]
T+0366s available=47.5GiB | (Worker_TP0_EP0 pid=440) Loading safetensors checkpoint shards:  95% Completed | 195/206 [05:18<00:59,  5.44s/it]
T+0368s available=47.2GiB | (Worker_TP0_EP0 pid=440) Loading safetensors checkpoint shards:  95% Completed | 195/206 [05:18<00:59,  5.44s/it]
T+0370s available=46.9GiB | (Worker_TP0_EP0 pid=440) Loading safetensors checkpoint shards:  95% Completed | 195/206 [05:18<00:59,  5.44s/it]
T+0372s available=46.6GiB | (Worker_TP0_EP0 pid=440) Loading safetensors checkpoint shards:  95% Completed | 195/206 [05:18<00:59,  5.44s/it]
T+0374s available=46.3GiB | (Worker_TP0_EP0 pid=440) Loading safetensors checkpoint shards:  95% Completed | 195/206 [05:18<00:59,  5.44s/it]
T+0376s available=47.3GiB | (Worker_TP0_EP0 pid=440) Loading safetensors checkpoint shards:  95% Completed | 196/206 [05:29<01:12,  7.27s/it]
T+0378s available=47.0GiB | (Worker_TP0_EP0 pid=440) Loading safetensors checkpoint shards:  95% Completed | 196/206 [05:29<01:12,  7.27s/it]
T+0380s available=46.8GiB | (Worker_TP0_EP0 pid=440) Loading safetensors checkpoint shards:  95% Completed | 196/206 [05:29<01:12,  7.27s/it]
T+0382s available=46.5GiB | (Worker_TP0_EP0 pid=440) Loading safetensors checkpoint shards:  95% Completed | 196/206 [05:29<01:12,  7.27s/it]
T+0385s available=47.3GiB | (Worker_TP0_EP0 pid=440) Loading safetensors checkpoint shards:  96% Completed | 197/206 [05:38<01:09,  7.69s/it]
T+0387s available=47.1GiB | (Worker_TP0_EP0 pid=440) Loading safetensors checkpoint shards:  96% Completed | 197/206 [05:38<01:09,  7.69s/it]
T+0389s available=46.9GiB | (Worker_TP0_EP0 pid=440) Loading safetensors checkpoint shards:  96% Completed | 197/206 [05:38<01:09,  7.69s/it]
T+0391s available=47.0GiB | (Worker_TP0_EP0 pid=440) Loading safetensors checkpoint shards:  96% Completed | 198/206 [05:44<00:56,  7.08s/it]
T+0393s available=46.8GiB | (Worker_TP0_EP0 pid=440) Loading safetensors checkpoint shards:  96% Completed | 198/206 [05:44<00:56,  7.08s/it]
T+0395s available=46.5GiB | (Worker_TP0_EP0 pid=440) Loading safetensors checkpoint shards:  96% Completed | 198/206 [05:44<00:56,  7.08s/it]
T+0397s available=46.2GiB | (Worker_TP0_EP0 pid=440) Loading safetensors checkpoint shards:  96% Completed | 198/206 [05:44<00:56,  7.08s/it]
T+0399s available=46.0GiB | (Worker_TP0_EP0 pid=440) Loading safetensors checkpoint shards:  96% Completed | 198/206 [05:44<00:56,  7.08s/it]
T+0401s available=45.7GiB | (Worker_TP0_EP0 pid=440) Loading safetensors checkpoint shards:  96% Completed | 198/206 [05:44<00:56,  7.08s/it]
T+0403s available=45.5GiB | (Worker_TP0_EP0 pid=440) Loading safetensors checkpoint shards:  96% Completed | 198/206 [05:44<00:56,  7.08s/it]
T+0405s available=47.4GiB | (Worker_TP0_EP0 pid=440) Loading safetensors checkpoint shards:  97% Completed | 199/206 [05:58<01:05,  9.31s/it]
T+0407s available=47.1GiB | (Worker_TP0_EP0 pid=440) Loading safetensors checkpoint shards:  97% Completed | 199/206 [05:58<01:05,  9.31s/it]
T+0409s available=46.8GiB | (Worker_TP0_EP0 pid=440) Loading safetensors checkpoint shards:  97% Completed | 199/206 [05:58<01:05,  9.31s/it]
T+0411s available=46.6GiB | (Worker_TP0_EP0 pid=440) Loading safetensors checkpoint shards:  97% Completed | 199/206 [05:58<01:05,  9.31s/it]
T+0413s available=46.3GiB | (Worker_TP0_EP0 pid=440) Loading safetensors checkpoint shards:  97% Completed | 199/206 [05:58<01:05,  9.31s/it]
T+0415s available=46.0GiB | (Worker_TP0_EP0 pid=440) Loading safetensors checkpoint shards:  97% Completed | 199/206 [05:58<01:05,  9.31s/it]
T+0417s available=45.7GiB | (Worker_TP0_EP0 pid=440) Loading safetensors checkpoint shards:  97% Completed | 199/206 [05:58<01:05,  9.31s/it]
T+0419s available=45.4GiB | (Worker_TP0_EP0 pid=440) Loading safetensors checkpoint shards:  97% Completed | 199/206 [05:58<01:05,  9.31s/it]
T+0421s available=45.1GiB | (Worker_TP0_EP0 pid=440) Loading safetensors checkpoint shards:  97% Completed | 199/206 [05:58<01:05,  9.31s/it]
T+0423s available=44.9GiB | (Worker_TP0_EP0 pid=440) Loading safetensors checkpoint shards:  97% Completed | 199/206 [05:58<01:05,  9.31s/it]
T+0425s available=44.6GiB | (Worker_TP0_EP0 pid=440) Loading safetensors checkpoint shards:  97% Completed | 199/206 [05:58<01:05,  9.31s/it]
T+0427s available=44.3GiB | (Worker_TP0_EP0 pid=440) Loading safetensors checkpoint shards:  97% Completed | 199/206 [05:58<01:05,  9.31s/it]
T+0429s available=44.0GiB | (Worker_TP0_EP0 pid=440) Loading safetensors checkpoint shards:  97% Completed | 199/206 [05:58<01:05,  9.31s/it]
T+0431s available=43.7GiB | (Worker_TP0_EP0 pid=440) Loading safetensors checkpoint shards:  97% Completed | 199/206 [05:58<01:05,  9.31s/it]
T+0433s available=43.4GiB | (Worker_TP0_EP0 pid=440) Loading safetensors checkpoint shards:  97% Completed | 199/206 [05:58<01:05,  9.31s/it]
T+0435s available=43.1GiB | (Worker_TP0_EP0 pid=440) Loading safetensors checkpoint shards:  97% Completed | 199/206 [05:58<01:05,  9.31s/it]
T+0437s available=42.9GiB | (Worker_TP0_EP0 pid=440) Loading safetensors checkpoint shards:  97% Completed | 199/206 [05:58<01:05,  9.31s/it]
T+0439s available=42.6GiB | (Worker_TP0_EP0 pid=440) Loading safetensors checkpoint shards:  97% Completed | 199/206 [05:58<01:05,  9.31s/it]
T+0442s available=47.3GiB | (Worker_TP0_EP0 pid=440) Loading safetensors checkpoint shards:  97% Completed | 200/206 [06:33<01:42, 17.08s/it]
T+0444s available=46.0GiB | (Worker_TP0_EP0 pid=440) Loading safetensors checkpoint shards:  97% Completed | 200/206 [06:33<01:42, 17.08s/it]
T+0446s available=45.4GiB | (Worker_TP0_EP0 pid=440) Loading safetensors checkpoint shards:  97% Completed | 200/206 [06:33<01:42, 17.08s/it]
T+0448s available=45.2GiB | (Worker_TP0_EP0 pid=440) Loading safetensors checkpoint shards:  97% Completed | 200/206 [06:33<01:42, 17.08s/it]
T+0450s available=44.9GiB | (Worker_TP0_EP0 pid=440) Loading safetensors checkpoint shards:  97% Completed | 200/206 [06:33<01:42, 17.08s/it]
T+0452s available=44.7GiB | (Worker_TP0_EP0 pid=440) Loading safetensors checkpoint shards:  97% Completed | 200/206 [06:33<01:42, 17.08s/it]
T+0454s available=44.5GiB | (Worker_TP0_EP0 pid=440) Loading safetensors checkpoint shards:  97% Completed | 200/206 [06:33<01:42, 17.08s/it]
T+0456s available=44.2GiB | (Worker_TP0_EP0 pid=440) Loading safetensors checkpoint shards:  97% Completed | 200/206 [06:33<01:42, 17.08s/it]
T+0458s available=44.0GiB | (Worker_TP0_EP0 pid=440) Loading safetensors checkpoint shards:  97% Completed | 200/206 [06:33<01:42, 17.08s/it]
T+0460s available=43.7GiB | (Worker_TP0_EP0 pid=440) Loading safetensors checkpoint shards:  97% Completed | 200/206 [06:33<01:42, 17.08s/it]
T+0462s available=43.5GiB | (Worker_TP0_EP0 pid=440) Loading safetensors checkpoint shards:  97% Completed | 200/206 [06:33<01:42, 17.08s/it]
T+0464s available=43.3GiB | (Worker_TP0_EP0 pid=440) Loading safetensors checkpoint shards:  97% Completed | 200/206 [06:33<01:42, 17.08s/it]
T+0466s available=43.0GiB | (Worker_TP0_EP0 pid=440) Loading safetensors checkpoint shards:  97% Completed | 200/206 [06:33<01:42, 17.08s/it]
T+0468s available=42.8GiB | (Worker_TP0_EP0 pid=440) Loading safetensors checkpoint shards:  97% Completed | 200/206 [06:33<01:42, 17.08s/it]
T+0470s available=45.1GiB | (Worker_TP0_EP0 pid=440) Loading safetensors checkpoint shards:  98% Completed | 201/206 [07:03<01:44, 20.93s/it]
T+0472s available=47.2GiB | (Worker_TP0_EP0 pid=440) Loading safetensors checkpoint shards:  98% Completed | 201/206 [07:03<01:44, 20.93s/it]
T+0474s available=47.0GiB | (Worker_TP0_EP0 pid=440) Loading safetensors checkpoint shards:  98% Completed | 201/206 [07:03<01:44, 20.93s/it]
T+0476s available=46.8GiB | (Worker_TP0_EP0 pid=440) Loading safetensors checkpoint shards:  98% Completed | 201/206 [07:03<01:44, 20.93s/it]
T+0478s available=46.5GiB | (Worker_TP0_EP0 pid=440) Loading safetensors checkpoint shards:  98% Completed | 201/206 [07:03<01:44, 20.93s/it]
T+0480s available=46.3GiB | (Worker_TP0_EP0 pid=440) Loading safetensors checkpoint shards:  98% Completed | 201/206 [07:03<01:44, 20.93s/it]
T+0482s available=46.1GiB | (Worker_TP0_EP0 pid=440) Loading safetensors checkpoint shards:  98% Completed | 201/206 [07:03<01:44, 20.93s/it]
T+0484s available=45.8GiB | (Worker_TP0_EP0 pid=440) Loading safetensors checkpoint shards:  98% Completed | 201/206 [07:03<01:44, 20.93s/it]
T+0486s available=45.6GiB | (Worker_TP0_EP0 pid=440) Loading safetensors checkpoint shards:  98% Completed | 201/206 [07:03<01:44, 20.93s/it]
T+0488s available=45.4GiB | (Worker_TP0_EP0 pid=440) Loading safetensors checkpoint shards:  98% Completed | 201/206 [07:03<01:44, 20.93s/it]
T+0490s available=45.1GiB | (Worker_TP0_EP0 pid=440) Loading safetensors checkpoint shards:  98% Completed | 201/206 [07:03<01:44, 20.93s/it]
T+0492s available=44.9GiB | (Worker_TP0_EP0 pid=440) Loading safetensors checkpoint shards:  98% Completed | 201/206 [07:03<01:44, 20.93s/it]
T+0494s available=43.2GiB | (Worker_TP0_EP0 pid=440) Loading safetensors checkpoint shards:  98% Completed | 201/206 [07:03<01:44, 20.93s/it]
T+0496s available=43.0GiB | (Worker_TP0_EP0 pid=440) Loading safetensors checkpoint shards:  98% Completed | 201/206 [07:03<01:44, 20.93s/it]
T+0498s available=42.8GiB | (Worker_TP0_EP0 pid=440) Loading safetensors checkpoint shards:  98% Completed | 201/206 [07:03<01:44, 20.93s/it]
T+0501s available=44.9GiB | (Worker_TP0_EP0 pid=440) Loading safetensors checkpoint shards:  98% Completed | 202/206 [07:34<01:35, 23.77s/it]
T+0503s available=46.9GiB | (Worker_TP0_EP0 pid=440) Loading safetensors checkpoint shards:  98% Completed | 202/206 [07:34<01:35, 23.77s/it]
T+0505s available=46.7GiB | (Worker_TP0_EP0 pid=440) Loading safetensors checkpoint shards:  98% Completed | 202/206 [07:34<01:35, 23.77s/it]
T+0507s available=46.5GiB | (Worker_TP0_EP0 pid=440) Loading safetensors checkpoint shards:  98% Completed | 202/206 [07:34<01:35, 23.77s/it]
T+0509s available=46.3GiB | (Worker_TP0_EP0 pid=440) Loading safetensors checkpoint shards:  98% Completed | 202/206 [07:34<01:35, 23.77s/it]
T+0511s available=46.1GiB | (Worker_TP0_EP0 pid=440) Loading safetensors checkpoint shards:  98% Completed | 202/206 [07:34<01:35, 23.77s/it]
T+0513s available=45.8GiB | (Worker_TP0_EP0 pid=440) Loading safetensors checkpoint shards:  98% Completed | 202/206 [07:34<01:35, 23.77s/it]
T+0515s available=45.6GiB | (Worker_TP0_EP0 pid=440) Loading safetensors checkpoint shards:  98% Completed | 202/206 [07:34<01:35, 23.77s/it]
T+0517s available=45.4GiB | (Worker_TP0_EP0 pid=440) Loading safetensors checkpoint shards:  98% Completed | 202/206 [07:34<01:35, 23.77s/it]
T+0519s available=45.2GiB | (Worker_TP0_EP0 pid=440) Loading safetensors checkpoint shards:  98% Completed | 202/206 [07:34<01:35, 23.77s/it]
T+0521s available=44.7GiB | (Worker_TP0_EP0 pid=440) Loading safetensors checkpoint shards:  98% Completed | 202/206 [07:34<01:35, 23.77s/it]
T+0523s available=44.5GiB | (Worker_TP0_EP0 pid=440) Loading safetensors checkpoint shards:  98% Completed | 202/206 [07:34<01:35, 23.77s/it]
T+0525s available=44.3GiB | (Worker_TP0_EP0 pid=440) Loading safetensors checkpoint shards:  98% Completed | 202/206 [07:34<01:35, 23.77s/it]
T+0527s available=44.0GiB | (Worker_TP0_EP0 pid=440) Loading safetensors checkpoint shards:  98% Completed | 202/206 [07:34<01:35, 23.77s/it]
T+0529s available=43.7GiB | (Worker_TP0_EP0 pid=440) Loading safetensors checkpoint shards:  98% Completed | 202/206 [07:34<01:35, 23.77s/it]
T+0531s available=43.5GiB | (Worker_TP0_EP0 pid=440) Loading safetensors checkpoint shards:  98% Completed | 202/206 [07:34<01:35, 23.77s/it]
T+0533s available=46.3GiB | (Worker_TP0_EP0 pid=440) Loading safetensors checkpoint shards:  99% Completed | 203/206 [08:06<01:19, 26.38s/it]
T+0535s available=47.2GiB | (Worker_TP0_EP0 pid=440) Loading safetensors checkpoint shards:  99% Completed | 203/206 [08:06<01:19, 26.38s/it]
T+0537s available=47.3GiB | (Worker_TP0_EP0 pid=440) Loading safetensors checkpoint shards:  99% Completed | 204/206 [08:10<00:39, 19.58s/it]
T+0539s available=47.1GiB | (Worker_TP0_EP0 pid=440) Loading safetensors checkpoint shards:  99% Completed | 204/206 [08:10<00:39, 19.58s/it]
T+0541s available=47.2GiB | (Worker_TP0_EP0 pid=440) Loading safetensors checkpoint shards: 100% Completed | 205/206 [08:13<00:14, 14.66s/it]
T+0543s available=44.4GiB | (Worker_TP0_EP0 pid=440) INFO 09-07 18:31:52 [nvfp4.py:564] Using MoEPrepareAndFinalizeNoDPEPModular
T+0545s available=40.4GiB | (Worker_TP0_EP0 pid=440) Loading safetensors checkpoint shards:   3% Completed | 6/206 [00:01<00:44,  4.54it/s]
T+0547s available=40.3GiB | (Worker_TP0_EP0 pid=440) Loading safetensors checkpoint shards:   8% Completed | 16/206 [00:03<00:38,  4.93it/s]
T+0549s available=40.4GiB | (Worker_TP0_EP0 pid=440) Loading safetensors checkpoint shards:  13% Completed | 27/206 [00:05<00:34,  5.19it/s]
T+0551s available=40.3GiB | (Worker_TP0_EP0 pid=440) Loading safetensors checkpoint shards:  18% Completed | 37/206 [00:07<00:33,  5.08it/s]
T+0553s available=40.3GiB | (Worker_TP0_EP0 pid=440) Loading safetensors checkpoint shards:  23% Completed | 47/206 [00:09<00:32,  4.94it/s]
T+0555s available=40.4GiB | (Worker_TP0_EP0 pid=440) Loading safetensors checkpoint shards:  27% Completed | 55/206 [00:11<00:38,  3.94it/s]
T+0557s available=40.3GiB | (Worker_TP0_EP0 pid=440) Loading safetensors checkpoint shards:  31% Completed | 64/206 [00:13<00:33,  4.20it/s]
T+0560s available=40.3GiB | (Worker_TP0_EP0 pid=440) Loading safetensors checkpoint shards:  35% Completed | 72/206 [00:15<00:32,  4.17it/s]
T+0562s available=40.3GiB | (Worker_TP0_EP0 pid=440) Loading safetensors checkpoint shards:  39% Completed | 81/206 [00:17<00:29,  4.30it/s]
T+0564s available=40.3GiB | (Worker_TP0_EP0 pid=440) Loading safetensors checkpoint shards:  43% Completed | 89/206 [00:19<00:27,  4.24it/s]
T+0566s available=40.3GiB | (Worker_TP0_EP0 pid=440) Loading safetensors checkpoint shards:  48% Completed | 99/206 [00:21<00:21,  4.87it/s]
T+0568s available=40.3GiB | (Worker_TP0_EP0 pid=440) Loading safetensors checkpoint shards:  52% Completed | 108/206 [00:23<00:22,  4.37it/s]
T+0570s available=40.3GiB | (Worker_TP0_EP0 pid=440) Loading safetensors checkpoint shards:  58% Completed | 119/206 [00:25<00:16,  5.41it/s]
T+0572s available=40.3GiB | (Worker_TP0_EP0 pid=440) Loading safetensors checkpoint shards:  63% Completed | 129/206 [00:27<00:15,  4.86it/s]
T+0574s available=40.3GiB | (Worker_TP0_EP0 pid=440) Loading safetensors checkpoint shards:  67% Completed | 138/206 [00:29<00:13,  5.06it/s]
T+0576s available=40.3GiB | (Worker_TP0_EP0 pid=440) Loading safetensors checkpoint shards:  71% Completed | 147/206 [00:31<00:13,  4.27it/s]
T+0578s available=40.4GiB | (Worker_TP0_EP0 pid=440) Loading safetensors checkpoint shards:  76% Completed | 157/206 [00:33<00:09,  4.92it/s]
T+0580s available=40.3GiB | (Worker_TP0_EP0 pid=440) Loading safetensors checkpoint shards:  81% Completed | 167/206 [00:35<00:07,  5.12it/s]
T+0582s available=40.4GiB | (Worker_TP0_EP0 pid=440) Loading safetensors checkpoint shards:  86% Completed | 178/206 [00:37<00:06,  4.48it/s]
T+0584s available=40.4GiB | (Worker_TP0_EP0 pid=440) Loading safetensors checkpoint shards:  90% Completed | 185/206 [00:39<00:04,  4.22it/s]
T+0586s available=40.3GiB | (Worker_TP0_EP0 pid=440) Loading safetensors checkpoint shards:  93% Completed | 192/206 [00:41<00:03,  3.75it/s]
T+0588s available=40.1GiB | (Worker_TP0_EP0 pid=440) Loading safetensors checkpoint shards:  93% Completed | 192/206 [00:41<00:03,  3.75it/s]
T+0590s available=39.8GiB | (Worker_TP0_EP0 pid=440) Loading safetensors checkpoint shards:  93% Completed | 192/206 [00:41<00:03,  3.75it/s]
T+0592s available=39.6GiB | (Worker_TP0_EP0 pid=440) Loading safetensors checkpoint shards:  93% Completed | 192/206 [00:41<00:03,  3.75it/s]
T+0594s available=38.6GiB | (Worker_TP0_EP0 pid=440) Loading safetensors checkpoint shards:  93% Completed | 192/206 [00:41<00:03,  3.75it/s]
T+0596s available=38.3GiB | (Worker_TP0_EP0 pid=440) Loading safetensors checkpoint shards:  93% Completed | 192/206 [00:41<00:03,  3.75it/s]
T+0598s available=38.0GiB | (Worker_TP0_EP0 pid=440) Loading safetensors checkpoint shards:  93% Completed | 192/206 [00:41<00:03,  3.75it/s]
T+0600s available=39.8GiB | (Worker_TP0_EP0 pid=440) Loading safetensors checkpoint shards:  95% Completed | 195/206 [00:55<00:29,  2.66s/it]
T+0602s available=39.5GiB | (Worker_TP0_EP0 pid=440) Loading safetensors checkpoint shards:  95% Completed | 195/206 [00:55<00:29,  2.66s/it]
T+0604s available=39.3GiB | (Worker_TP0_EP0 pid=440) Loading safetensors checkpoint shards:  95% Completed | 195/206 [00:55<00:29,  2.66s/it]
T+0606s available=39.1GiB | (Worker_TP0_EP0 pid=440) Loading safetensors checkpoint shards:  95% Completed | 195/206 [00:55<00:29,  2.66s/it]
T+0608s available=38.9GiB | (Worker_TP0_EP0 pid=440) Loading safetensors checkpoint shards:  95% Completed | 195/206 [00:55<00:29,  2.66s/it]
T+0610s available=44.5GiB | (Worker_TP0_EP0 pid=440) INFO 09-07 18:32:59 [model_runner.py:407] Model loading took 64.06 GiB memory and 567.409224 seconds
T+0612s available=44.1GiB | (Worker_TP0_EP0 pid=440) [transformers] The `use_fast` parameter is deprecated and will be removed in a future version. Use `backend="torchvision"` instead of `
T+0614s available=43.8GiB | (Worker_TP0_EP0 pid=440) [transformers] Unrecognized keys in `rope_parameters` for 'rope_type'='default': {'mrope_section', 'mrope_interleaved'}
T+0617s available=41.6GiB | (Worker_TP0_EP0 pid=440) INFO 09-07 18:33:04 [encoder_runner.py:120] Encoder cache will be initialized with a budget of 16384 tokens, and profiled with 1 image 
T+0619s available=41.5GiB | (Worker_TP0_EP0 pid=440) INFO 09-07 18:33:04 [encoder_runner.py:120] Encoder cache will be initialized with a budget of 16384 tokens, and profiled with 1 image 
T+0621s available=41.5GiB | (Worker_TP0_EP0 pid=440) INFO 09-07 18:33:04 [encoder_runner.py:120] Encoder cache will be initialized with a budget of 16384 tokens, and profiled with 1 image 
T+0623s available=41.0GiB | (Worker_TP0_EP0 pid=440) INFO 09-07 18:33:04 [encoder_runner.py:120] Encoder cache will be initialized with a budget of 16384 tokens, and profiled with 1 image 
T+0625s available=41.0GiB | (Worker_TP0_EP0 pid=440) INFO 09-07 18:33:04 [encoder_runner.py:120] Encoder cache will be initialized with a budget of 16384 tokens, and profiled with 1 image 
T+0627s available=41.1GiB | (Worker_TP0_EP0 pid=440) INFO 09-07 18:33:04 [encoder_runner.py:120] Encoder cache will be initialized with a budget of 16384 tokens, and profiled with 1 image 
T+0629s available=41.0GiB | (Worker_TP0_EP0 pid=440)   warn("tl.make_block_ptr is deprecated. Use TensorDescriptor or tl.make_tensor_descriptor instead.")
T+0631s available=41.0GiB | (Worker_TP0_EP0 pid=440)   warn("tl.make_block_ptr is deprecated. Use TensorDescriptor or tl.make_tensor_descriptor instead.")
T+0633s available=41.1GiB | (Worker_TP0_EP0 pid=440)   warn("tl.make_block_ptr is deprecated. Use TensorDescriptor or tl.make_tensor_descriptor instead.")
T+0635s available=41.0GiB | (Worker_TP0_EP0 pid=440)   warn("tl.make_block_ptr is deprecated. Use TensorDescriptor or tl.make_tensor_descriptor instead.")
T+0637s available=41.0GiB | (Worker_TP0_EP0 pid=440)   warn("tl.make_block_ptr is deprecated. Use TensorDescriptor or tl.make_tensor_descriptor instead.")
T+0639s available=41.0GiB | (Worker_TP0_EP0 pid=440)   warn("tl.make_block_ptr is deprecated. Use TensorDescriptor or tl.make_tensor_descriptor instead.")
T+0641s available=41.0GiB | (Worker_TP0_EP0 pid=440)   warn("tl.make_block_ptr is deprecated. Use TensorDescriptor or tl.make_tensor_descriptor instead.")
T+0643s available=41.0GiB | (Worker_TP0_EP0 pid=440)   warn("tl.make_block_ptr is deprecated. Use TensorDescriptor or tl.make_tensor_descriptor instead.")
T+0645s available=41.0GiB | (Worker_TP0_EP0 pid=440)   warn("tl.make_block_ptr is deprecated. Use TensorDescriptor or tl.make_tensor_descriptor instead.")
T+0647s available=41.0GiB | (Worker_TP0_EP0 pid=440)   warn("tl.make_block_ptr is deprecated. Use TensorDescriptor or tl.make_tensor_descriptor instead.")
T+0649s available=40.9GiB | (Worker_TP0_EP0 pid=440)   warn("tl.make_block_ptr is deprecated. Use TensorDescriptor or tl.make_tensor_descriptor instead.")
T+0651s available=41.0GiB | (Worker_TP0_EP0 pid=440)   warn("tl.make_block_ptr is deprecated. Use TensorDescriptor or tl.make_tensor_descriptor instead.")
T+0653s available=41.0GiB | (Worker_TP0_EP0 pid=440)   warn("tl.make_block_ptr is deprecated. Use TensorDescriptor or tl.make_tensor_descriptor instead.")
T+0655s available=40.9GiB | (Worker_TP0_EP0 pid=440)   warn("tl.make_block_ptr is deprecated. Use TensorDescriptor or tl.make_tensor_descriptor instead.")
T+0657s available=40.9GiB | (Worker_TP0_EP0 pid=440)   warn("tl.make_block_ptr is deprecated. Use TensorDescriptor or tl.make_tensor_descriptor instead.")
T+0659s available=40.9GiB | (Worker_TP0_EP0 pid=440)   warn("tl.make_block_ptr is deprecated. Use TensorDescriptor or tl.make_tensor_descriptor instead.")
T+0661s available=40.9GiB | (Worker_TP0_EP0 pid=440)   warn("tl.make_block_ptr is deprecated. Use TensorDescriptor or tl.make_tensor_descriptor instead.")
T+0663s available=41.8GiB | (Worker_TP0_EP0 pid=440)   warn("tl.make_block_ptr is deprecated. Use TensorDescriptor or tl.make_tensor_descriptor instead.")
T+0665s available=40.4GiB | (Worker_TP0_EP0 pid=440) INFO 09-07 18:33:54 [speculator.py:117] Fused multi-step draft decode is not supported by attention backend(s) QWEN38_FLASH_NEXT_EXP_QS
T+0667s available=28.9GiB | (Worker_TP0_EP0 pid=440) INFO 09-07 18:33:54 [speculator.py:117] Fused multi-step draft decode is not supported by attention backend(s) QWEN38_FLASH_NEXT_EXP_QS
T+0670s available=16.1GiB | (Worker_TP0_EP0 pid=440) INFO 09-07 18:33:54 [speculator.py:117] Fused multi-step draft decode is not supported by attention backend(s) QWEN38_FLASH_NEXT_EXP_QS
T+0672s available=8.6GiB | (Worker_TP0_EP0 pid=440) 2026-09-07 18:34:00,734 - INFO - autotuner.py:829 - flashinfer.jit: [Autotuner]: Autotuning process starts ...
T+0674s available=9.0GiB | (Worker_TP0_EP0 pid=440) [AutoTuner]: Tuning trtllm::fused_moe::gemm1:  29%|██▊       | 6/21 [00:00<00:02,  5.23profile/s]2026-09-07 18:34:02,923 - INFO -
T+0676s available=9.0GiB | (Worker_TP0_EP0 pid=440) [AutoTuner]: Tuning trtllm::fused_moe::gemm1:  48%|████▊     | 10/21 [00:02<00:04,  2.20profile/s]2026-09-07 18:34:05,131 - I
T+0678s available=8.9GiB | (Worker_TP0_EP0 pid=440) [AutoTuner]: Tuning trtllm::fused_moe::gemm1:  62%|██████▏   | 13/21 [00:04<00:04,  1.84profile/s]2026-09-07 18:34:06,917
T+0680s available=8.3GiB | (Worker_TP0_EP0 pid=440) [AutoTuner]: Tuning trtllm::fused_moe::gemm1:  76%|███████▌  | 16/21 [00:06<00:02,  1.71profile/s]2026-09-07 18:34:08,7
T+0682s available=7.6GiB | (Worker_TP0_EP0 pid=440) [AutoTuner]: Tuning trtllm::fused_moe::gemm1:  90%|█████████ | 19/21 [00:08<00:01,  1.56profile/s]2026-09-07 18:34:10
T+0684s available=7.6GiB | (Worker_TP0_EP0 pid=440) [AutoTuner]: Tuning trtllm::fused_moe::gemm2:  24%|██▍       | 5/21 [00:01<00:03,  4.49profile/s]2026-09-07 18:34:13,167 - INFO -
T+0686s available=7.5GiB | (Worker_TP0_EP0 pid=440) [AutoTuner]: Tuning trtllm::fused_moe::gemm2:  43%|████▎     | 9/21 [00:03<00:05,  2.02profile/s]2026-09-07 18:34:15,544 - IN
T+0688s available=7.5GiB | (Worker_TP0_EP0 pid=440) [AutoTuner]: Tuning trtllm::fused_moe::gemm2:  57%|█████▋    | 12/21 [00:05<00:05,  1.67profile/s]2026-09-07 18:34:17,533 -
T+0690s available=7.5GiB | (Worker_TP0_EP0 pid=440) [AutoTuner]: Tuning trtllm::fused_moe::gemm2:  67%|██████▋   | 14/21 [00:06<00:04,  1.54profile/s]2026-09-07 18:34:19,005
T+0692s available=7.5GiB | (Worker_TP0_EP0 pid=440) [AutoTuner]: Tuning trtllm::fused_moe::gemm2:  81%|████████  | 17/21 [00:08<00:02,  1.35profile/s]2026-09-07 18:34:21,4
T+0694s available=7.4GiB | (Worker_TP0_EP0 pid=440) [AutoTuner]: Tuning trtllm::fused_moe::gemm2:  90%|█████████ | 19/21 [00:10<00:01,  1.22profile/s]2026-09-07 18:34:23
T+0696s available=7.3GiB | (Worker_TP0_EP0 pid=440) [AutoTuner]: Tuning trtllm::fused_moe::gemm2: 100%|██████████| 21/21 [00:13<00:00,  1.05s/profile][AutoTuner]: Tuni
T+0698s available=7.9GiB | (Worker_TP0_EP0 pid=440) [AutoTuner]: Tuning trtllm::fused_moe::gemm1:  19%|█▉        | 4/21 [00:00<00:01, 13.45profile/s]2026-09-07 18:34:27,652 - INFO - a
T+0700s available=8.0GiB | (Worker_TP0_EP0 pid=440) [AutoTuner]: Tuning trtllm::fused_moe::gemm1:  38%|███▊      | 8/21 [00:01<00:04,  3.20profile/s]2026-09-07 18:34:29,575 - INFO
T+0703s available=8.0GiB | (Worker_TP0_EP0 pid=440) [AutoTuner]: Tuning trtllm::fused_moe::gemm1:  52%|█████▏    | 11/21 [00:03<00:05,  1.98profile/s]2026-09-07 18:34:31,460 -
T+0705s available=8.0GiB | (Worker_TP0_EP0 pid=440) [AutoTuner]: Tuning trtllm::fused_moe::gemm1:  67%|██████▋   | 14/21 [00:05<00:04,  1.65profile/s]2026-09-07 18:34:33,476
T+0707s available=7.6GiB | (Worker_TP0_EP0 pid=440) [AutoTuner]: Tuning trtllm::fused_moe::gemm1:  81%|████████  | 17/21 [00:07<00:02,  1.51profile/s]2026-09-07 18:34:35,6
T+0709s available=7.0GiB | (Worker_TP0_EP0 pid=440) [AutoTuner]: Tuning trtllm::fused_moe::gemm1:  90%|█████████ | 19/21 [00:09<00:01,  1.29profile/s]2026-09-07 18:34:37
T+0711s available=6.9GiB | (Worker_TP0_EP0 pid=440) [AutoTuner]: Tuning trtllm::fused_moe::gemm1: 100%|██████████| 21/21 [00:11<00:00,  1.01profile/s][AutoTuner]: Tuni
T+0713s available=6.9GiB | (Worker_TP0_EP0 pid=440) [AutoTuner]: Tuning trtllm::fused_moe::gemm1: 100%|██████████| 21/21 [00:11<00:00,  1.01profile/s][AutoTuner]: Tuni
T+0715s available=6.9GiB | (Worker_TP0_EP0 pid=440) [AutoTuner]: Tuning trtllm::fused_moe::gemm1: 100%|██████████| 21/21 [00:11<00:00,  1.01profile/s][AutoTuner]: Tuni
T+0717s available=6.9GiB | (Worker_TP0_EP0 pid=440) [AutoTuner]: Tuning trtllm::fused_moe::gemm2:   0%|          | 0/21 [00:00<?, ?profile/s][AutoTuner]: Tuning trtllm::fused_moe::gemm2: 
T+0719s available=6.8GiB | (Worker_TP0_EP0 pid=440) INFO 09-07 18:34:47 [gpu_worker.py:919] Free memory on device (111.61/121.69 GiB) on startup. Desired GPU memory utilization is (0.85, 
T+0721s available=6.8GiB | (Worker_TP0_EP0 pid=440) INFO 09-07 18:34:47 [gpu_worker.py:919] Free memory on device (111.61/121.69 GiB) on startup. Desired GPU memory utilization is (0.85, 
T+0723s available=6.7GiB | (Worker_TP0_EP0 pid=440) INFO 09-07 18:34:47 [gpu_worker.py:919] Free memory on device (111.61/121.69 GiB) on startup. Desired GPU memory utilization is (0.85, 
T+0725s available=6.7GiB | (Worker_TP0_EP0 pid=440) INFO 09-07 18:34:47 [gpu_worker.py:919] Free memory on device (111.61/121.69 GiB) on startup. Desired GPU memory utilization is (0.85, 
T+0727s available=6.6GiB | (Worker_TP0_EP0 pid=440) INFO 09-07 18:34:47 [gpu_worker.py:919] Free memory on device (111.61/121.69 GiB) on startup. Desired GPU memory utilization is (0.85, 
T+0729s available=6.7GiB | (Worker_TP0_EP0 pid=440) INFO 09-07 18:34:58 [jit_monitor.py:85] Kernel JIT monitor activated; monitored JIT compilations during inference will use mode=warn.
T+0731s available=6.3GiB | (EngineCore pid=368) [transformers] Unrecognized keys in `rope_parameters` for 'rope_type'='default': {'mrope_section', 'mrope_interleaved'}
T+0733s available=6.0GiB | (EngineCore pid=368) [transformers] Unrecognized keys in `rope_parameters` for 'rope_type'='default': {'mrope_section', 'mrope_interleaved'}
T+0735s available=5.9GiB | (APIServer pid=1) [transformers] Unrecognized keys in `rope_parameters` for 'rope_type'='default': {'mrope_interleaved', 'mrope_section'}
T+0737s available=5.7GiB | (APIServer pid=1) INFO 09-07 18:35:05 [hf.py:551] Detected the chat template content format to be 'openai'. You can set `--chat-template-content-format` to over
T+0739s available=5.8GiB | (APIServer pid=1) INFO 09-07 18:35:05 [hf.py:551] Detected the chat template content format to be 'openai'. You can set `--chat-template-content-format` to over
T+0741s available=5.6GiB | (APIServer pid=1) INFO 09-07 18:35:05 [hf.py:551] Detected the chat template content format to be 'openai'. You can set `--chat-template-content-format` to over
T+0744s available=5.3GiB | (APIServer pid=1) [transformers] Unrecognized keys in `rope_parameters` for 'rope_type'='default': {'mrope_interleaved', 'mrope_section'}
T+0746s available=5.3GiB | (APIServer pid=1) [transformers] Unrecognized keys in `rope_parameters` for 'rope_type'='default': {'mrope_interleaved', 'mrope_section'}
T+0748s available=5.0GiB | (APIServer pid=1) [transformers] Unrecognized keys in `rope_parameters` for 'rope_type'='default': {'mrope_interleaved', 'mrope_section'}
T+0750s available=4.8GiB | (APIServer pid=1) INFO:     Waiting for application startup.
T+0752s available=4.8GiB | (APIServer pid=1) INFO:     Application startup complete.
T+0754s available=4.8GiB | (APIServer pid=1) INFO:     Application startup complete.
T+0756s available=4.8GiB | (APIServer pid=1) INFO:     Application startup complete.
T+0758s available=4.9GiB | (APIServer pid=1) INFO:     Application startup complete.
T+0760s available=4.9GiB | (APIServer pid=1) INFO:     Application startup complete.
T+0762s available=4.9GiB | (APIServer pid=1) INFO:     Application startup complete.
T+0764s available=4.9GiB | (APIServer pid=1) INFO:     127.0.0.1:58142 - "GET /v1/models HTTP/1.1" 200 OK
T+0766s available=4.9GiB | (APIServer pid=1) INFO:     127.0.0.1:58142 - "GET /v1/models HTTP/1.1" 200 OK
T+0768s available=4.9GiB | (APIServer pid=1) INFO:     127.0.0.1:58142 - "GET /v1/models HTTP/1.1" 200 OK
T+0770s available=4.9GiB | (APIServer pid=1) INFO:     127.0.0.1:58142 - "GET /v1/models HTTP/1.1" 200 OK
T+0772s available=4.9GiB | (APIServer pid=1) INFO:     127.0.0.1:58142 - "GET /v1/models HTTP/1.1" 200 OK
T+0774s available=4.8GiB | (Worker_TP0_EP0 pid=440) WARNING 09-07 18:35:43 [jit_monitor.py:141] Triton kernel JIT compilation during inference: _causal_conv1d_update_kernel. This causes a
T+0776s available=4.8GiB | (Worker_TP0_EP0 pid=440) WARNING 09-07 18:35:44 [jit_monitor.py:141] Triton kernel JIT compilation during inference: _topk_topp_kernel. This causes a latency sp
T+0778s available=4.8GiB | (APIServer pid=1) INFO:     192.168.8.10:49656 - "POST /v1/chat/completions HTTP/1.1" 200 OK
T+0780s available=4.7GiB | (APIServer pid=1) INFO 09-07 18:35:49 [metrics.py:120] SpecDecoding metrics: Mean acceptance length: 2.74, Accepted throughput: 3.95 tokens/s, Drafted throughpu
T+0782s available=4.8GiB | (APIServer pid=1) INFO 09-07 18:35:49 [metrics.py:120] SpecDecoding metrics: Mean acceptance length: 2.74, Accepted throughput: 3.95 tokens/s, Drafted throughpu
T+0784s available=4.8GiB | (APIServer pid=1) INFO 09-07 18:35:49 [metrics.py:120] SpecDecoding metrics: Mean acceptance length: 2.74, Accepted throughput: 3.95 tokens/s, Drafted throughpu
T+0786s available=4.8GiB | (APIServer pid=1) INFO 09-07 18:35:49 [metrics.py:120] SpecDecoding metrics: Mean acceptance length: 2.74, Accepted throughput: 3.95 tokens/s, Drafted throughpu
T+0788s available=4.8GiB | (APIServer pid=1) INFO 09-07 18:35:49 [metrics.py:120] SpecDecoding metrics: Mean acceptance length: 2.74, Accepted throughput: 3.95 tokens/s, Drafted throughpu
T+0791s available=4.8GiB | (APIServer pid=1) INFO 09-07 18:35:59 [metrics.py:120] SpecDecoding metrics: Mean acceptance length: 2.05, Accepted throughput: 17.10 tokens/s, Drafted throughp
T+0793s available=4.8GiB | (APIServer pid=1) INFO 09-07 18:35:59 [metrics.py:120] SpecDecoding metrics: Mean acceptance length: 2.05, Accepted throughput: 17.10 tokens/s, Drafted throughp
T+0795s available=4.8GiB | (APIServer pid=1) INFO 09-07 18:35:59 [metrics.py:120] SpecDecoding metrics: Mean acceptance length: 2.05, Accepted throughput: 17.10 tokens/s, Drafted throughp
T+0797s available=4.8GiB | (APIServer pid=1) INFO 09-07 18:35:59 [metrics.py:120] SpecDecoding metrics: Mean acceptance length: 2.05, Accepted throughput: 17.10 tokens/s, Drafted throughp
T+0799s available=4.8GiB | (APIServer pid=1) INFO 09-07 18:35:59 [metrics.py:120] SpecDecoding metrics: Mean acceptance length: 2.05, Accepted throughput: 17.10 tokens/s, Drafted throughp
T+0801s available=4.8GiB | (APIServer pid=1) INFO:     192.168.8.10:34840 - "POST /v1/chat/completions HTTP/1.1" 200 OK
T+0803s available=4.8GiB | (APIServer pid=1) INFO:     192.168.8.10:34840 - "POST /v1/chat/completions HTTP/1.1" 200 OK
T+0805s available=4.8GiB | (APIServer pid=1) INFO:     192.168.8.10:34840 - "POST /v1/chat/completions HTTP/1.1" 200 OK
T+0807s available=4.8GiB | (APIServer pid=1) INFO:     192.168.8.10:34840 - "POST /v1/chat/completions HTTP/1.1" 200 OK
T+0809s available=4.8GiB | (APIServer pid=1) INFO:     192.168.8.10:34840 - "POST /v1/chat/completions HTTP/1.1" 200 OK
T+0811s available=4.8GiB | (APIServer pid=1) INFO 09-07 18:36:19 [metrics.py:120] SpecDecoding metrics: Mean acceptance length: 2.10, Accepted throughput: 28.50 tokens/s, Drafted throughp
T+0813s available=4.8GiB | (APIServer pid=1) INFO 09-07 18:36:19 [metrics.py:120] SpecDecoding metrics: Mean acceptance length: 2.10, Accepted throughput: 28.50 tokens/s, Drafted throughp
T+0815s available=4.8GiB | (APIServer pid=1) INFO 09-07 18:36:19 [metrics.py:120] SpecDecoding metrics: Mean acceptance length: 2.10, Accepted throughput: 28.50 tokens/s, Drafted throughp
T+0817s available=4.8GiB | (APIServer pid=1) INFO 09-07 18:36:19 [metrics.py:120] SpecDecoding metrics: Mean acceptance length: 2.10, Accepted throughput: 28.50 tokens/s, Drafted throughp
T+0819s available=4.8GiB | (APIServer pid=1) INFO 09-07 18:36:19 [metrics.py:120] SpecDecoding metrics: Mean acceptance length: 2.10, Accepted throughput: 28.50 tokens/s, Drafted throughp
T+0821s available=4.8GiB | (APIServer pid=1) INFO 09-07 18:36:29 [metrics.py:120] SpecDecoding metrics: Mean acceptance length: 1.81, Accepted throughput: 21.30 tokens/s, Drafted throughp
T+0823s available=4.8GiB | (APIServer pid=1) INFO 09-07 18:36:29 [metrics.py:120] SpecDecoding metrics: Mean acceptance length: 1.81, Accepted throughput: 21.30 tokens/s, Drafted throughp
T+0825s available=4.8GiB | (APIServer pid=1) INFO:     192.168.8.10:57744 - "POST /v1/chat/completions HTTP/1.1" 200 OK
T+0827s available=4.8GiB | (APIServer pid=1) INFO:     192.168.8.10:57744 - "POST /v1/chat/completions HTTP/1.1" 200 OK
T+0830s available=4.8GiB | (APIServer pid=1) INFO:     192.168.8.10:57744 - "POST /v1/chat/completions HTTP/1.1" 200 OK
T+0832s available=4.8GiB | (APIServer pid=1) INFO 09-07 18:36:39 [metrics.py:120] SpecDecoding metrics: Mean acceptance length: 2.41, Accepted throughput: 28.00 tokens/s, Drafted throughp
T+0834s available=4.8GiB | (APIServer pid=1) INFO 09-07 18:36:39 [metrics.py:120] SpecDecoding metrics: Mean acceptance length: 2.41, Accepted throughput: 28.00 tokens/s, Drafted throughp
T+0836s available=4.8GiB | (APIServer pid=1) INFO 09-07 18:36:39 [metrics.py:120] SpecDecoding metrics: Mean acceptance length: 2.41, Accepted throughput: 28.00 tokens/s, Drafted throughp
T+0838s available=4.8GiB | (APIServer pid=1) INFO 09-07 18:36:39 [metrics.py:120] SpecDecoding metrics: Mean acceptance length: 2.41, Accepted throughput: 28.00 tokens/s, Drafted throughp
T+0840s available=4.8GiB | (APIServer pid=1) INFO 09-07 18:36:49 [metrics.py:120] SpecDecoding metrics: Mean acceptance length: 1.95, Accepted throughput: 48.69 tokens/s, Drafted throughp
T+0842s available=4.8GiB | (APIServer pid=1) INFO 09-07 18:36:49 [metrics.py:120] SpecDecoding metrics: Mean acceptance length: 1.95, Accepted throughput: 48.69 tokens/s, Drafted throughp
T+0844s available=4.8GiB | (APIServer pid=1) INFO 09-07 18:36:49 [metrics.py:120] SpecDecoding metrics: Mean acceptance length: 1.95, Accepted throughput: 48.69 tokens/s, Drafted throughp
T+0846s available=4.8GiB | (APIServer pid=1) INFO 09-07 18:36:49 [metrics.py:120] SpecDecoding metrics: Mean acceptance length: 1.95, Accepted throughput: 48.69 tokens/s, Drafted throughp
T+0848s available=4.8GiB | (APIServer pid=1) INFO 09-07 18:36:49 [metrics.py:120] SpecDecoding metrics: Mean acceptance length: 1.95, Accepted throughput: 48.69 tokens/s, Drafted throughp
T+0850s available=4.8GiB | (APIServer pid=1) INFO 09-07 18:36:59 [metrics.py:120] SpecDecoding metrics: Mean acceptance length: 2.11, Accepted throughput: 30.10 tokens/s, Drafted throughp
T+0852s available=4.8GiB | (APIServer pid=1) INFO:     192.168.8.10:58230 - "POST /v1/chat/completions HTTP/1.1" 200 OK
T+0854s available=4.8GiB | (APIServer pid=1) INFO:     192.168.8.10:58230 - "POST /v1/chat/completions HTTP/1.1" 200 OK
T+0856s available=4.8GiB | (APIServer pid=1) INFO:     192.168.8.10:58230 - "POST /v1/chat/completions HTTP/1.1" 200 OK
T+0858s available=4.8GiB | (APIServer pid=1) INFO:     192.168.8.10:58230 - "POST /v1/chat/completions HTTP/1.1" 200 OK
T+0860s available=4.8GiB | (APIServer pid=1) INFO 09-07 18:37:09 [metrics.py:120] SpecDecoding metrics: Mean acceptance length: 2.35, Accepted throughput: 83.40 tokens/s, Drafted throughp
T+0862s available=4.8GiB | (APIServer pid=1) INFO 09-07 18:37:09 [metrics.py:120] SpecDecoding metrics: Mean acceptance length: 2.35, Accepted throughput: 83.40 tokens/s, Drafted throughp
T+0865s available=4.8GiB | (APIServer pid=1) INFO 09-07 18:37:09 [metrics.py:120] SpecDecoding metrics: Mean acceptance length: 2.35, Accepted throughput: 83.40 tokens/s, Drafted throughp
T+0867s available=4.8GiB | (APIServer pid=1) INFO 09-07 18:37:09 [metrics.py:120] SpecDecoding metrics: Mean acceptance length: 2.35, Accepted throughput: 83.40 tokens/s, Drafted throughp
T+0869s available=4.8GiB | (APIServer pid=1) INFO 09-07 18:37:09 [metrics.py:120] SpecDecoding metrics: Mean acceptance length: 2.35, Accepted throughput: 83.40 tokens/s, Drafted throughp
T+0871s available=4.8GiB | (APIServer pid=1) INFO 09-07 18:37:19 [metrics.py:120] SpecDecoding metrics: Mean acceptance length: 1.85, Accepted throughput: 68.18 tokens/s, Drafted throughp
T+0873s available=4.8GiB | (APIServer pid=1) INFO 09-07 18:37:19 [metrics.py:120] SpecDecoding metrics: Mean acceptance length: 1.85, Accepted throughput: 68.18 tokens/s, Drafted throughp
T+0875s available=4.8GiB | (APIServer pid=1) INFO 09-07 18:37:19 [metrics.py:120] SpecDecoding metrics: Mean acceptance length: 1.85, Accepted throughput: 68.18 tokens/s, Drafted throughp
T+0877s available=4.8GiB | (APIServer pid=1) INFO 09-07 18:37:19 [metrics.py:120] SpecDecoding metrics: Mean acceptance length: 1.85, Accepted throughput: 68.18 tokens/s, Drafted throughp
T+0879s available=4.8GiB | (APIServer pid=1) INFO 09-07 18:37:19 [metrics.py:120] SpecDecoding metrics: Mean acceptance length: 1.85, Accepted throughput: 68.18 tokens/s, Drafted throughp
T+0881s available=4.8GiB | (APIServer pid=1) INFO 09-07 18:37:29 [metrics.py:120] SpecDecoding metrics: Mean acceptance length: 1.73, Accepted throughput: 48.90 tokens/s, Drafted throughp
T+0883s available=4.8GiB | (APIServer pid=1) INFO 09-07 18:37:29 [metrics.py:120] SpecDecoding metrics: Mean acceptance length: 1.73, Accepted throughput: 48.90 tokens/s, Drafted throughp
T+0885s available=4.8GiB | (APIServer pid=1) INFO:     192.168.8.10:40020 - "POST /v1/chat/completions HTTP/1.1" 200 OK
T+0887s available=4.8GiB | (APIServer pid=1) INFO:     192.168.8.10:40020 - "POST /v1/chat/completions HTTP/1.1" 200 OK
T+0889s available=4.8GiB | (APIServer pid=1) INFO:     192.168.8.10:40020 - "POST /v1/chat/completions HTTP/1.1" 200 OK
T+0891s available=4.8GiB | (APIServer pid=1) INFO 09-07 18:37:39 [metrics.py:120] SpecDecoding metrics: Mean acceptance length: 3.06, Accepted throughput: 79.59 tokens/s, Drafted throughp
T+0893s available=4.8GiB | (APIServer pid=1) INFO 09-07 18:37:39 [metrics.py:120] SpecDecoding metrics: Mean acceptance length: 3.06, Accepted throughput: 79.59 tokens/s, Drafted throughp
T+0895s available=4.8GiB | (APIServer pid=1) INFO 09-07 18:37:39 [metrics.py:120] SpecDecoding metrics: Mean acceptance length: 3.06, Accepted throughput: 79.59 tokens/s, Drafted throughp
T+0898s available=4.8GiB | (APIServer pid=1) INFO 09-07 18:37:39 [metrics.py:120] SpecDecoding metrics: Mean acceptance length: 3.06, Accepted throughput: 79.59 tokens/s, Drafted throughp
T+0900s available=4.8GiB | (APIServer pid=1) INFO 09-07 18:37:39 [metrics.py:120] SpecDecoding metrics: Mean acceptance length: 3.06, Accepted throughput: 79.59 tokens/s, Drafted throughp
T+0902s available=4.8GiB | (APIServer pid=1) INFO 09-07 18:37:49 [metrics.py:120] SpecDecoding metrics: Mean acceptance length: 1.99, Accepted throughput: 118.29 tokens/s, Drafted through
T+0904s available=4.8GiB | (APIServer pid=1) INFO 09-07 18:37:49 [metrics.py:120] SpecDecoding metrics: Mean acceptance length: 1.99, Accepted throughput: 118.29 tokens/s, Drafted through
T+0906s available=4.8GiB | (APIServer pid=1) INFO 09-07 18:37:49 [metrics.py:120] SpecDecoding metrics: Mean acceptance length: 1.99, Accepted throughput: 118.29 tokens/s, Drafted through
T+0908s available=4.8GiB | (APIServer pid=1) INFO 09-07 18:37:49 [metrics.py:120] SpecDecoding metrics: Mean acceptance length: 1.99, Accepted throughput: 118.29 tokens/s, Drafted through
T+0910s available=4.8GiB | (APIServer pid=1) INFO 09-07 18:37:59 [metrics.py:120] SpecDecoding metrics: Mean acceptance length: 1.83, Accepted throughput: 100.17 tokens/s, Drafted through
T+0912s available=4.8GiB | (APIServer pid=1) INFO 09-07 18:37:59 [metrics.py:120] SpecDecoding metrics: Mean acceptance length: 1.83, Accepted throughput: 100.17 tokens/s, Drafted through
T+0914s available=4.8GiB | (APIServer pid=1) INFO 09-07 18:37:59 [metrics.py:120] SpecDecoding metrics: Mean acceptance length: 1.83, Accepted throughput: 100.17 tokens/s, Drafted through
T+0916s available=4.8GiB | (APIServer pid=1) INFO 09-07 18:37:59 [metrics.py:120] SpecDecoding metrics: Mean acceptance length: 1.83, Accepted throughput: 100.17 tokens/s, Drafted through
T+0918s available=4.8GiB | (APIServer pid=1) INFO 09-07 18:37:59 [metrics.py:120] SpecDecoding metrics: Mean acceptance length: 1.83, Accepted throughput: 100.17 tokens/s, Drafted through
T+0920s available=4.8GiB | (APIServer pid=1) INFO 09-07 18:38:09 [metrics.py:120] SpecDecoding metrics: Mean acceptance length: 1.74, Accepted throughput: 86.19 tokens/s, Drafted throughp
T+0922s available=4.8GiB | (APIServer pid=1) INFO 09-07 18:38:09 [metrics.py:120] SpecDecoding metrics: Mean acceptance length: 1.74, Accepted throughput: 86.19 tokens/s, Drafted throughp
T+0924s available=4.8GiB | (APIServer pid=1) INFO 09-07 18:38:09 [metrics.py:120] SpecDecoding metrics: Mean acceptance length: 1.74, Accepted throughput: 86.19 tokens/s, Drafted throughp
T+0926s available=4.8GiB | (APIServer pid=1) INFO 09-07 18:38:09 [metrics.py:120] SpecDecoding metrics: Mean acceptance length: 1.74, Accepted throughput: 86.19 tokens/s, Drafted throughp
T+0928s available=4.8GiB | (APIServer pid=1) INFO:     192.168.8.10:39210 - "POST /v1/chat/completions HTTP/1.1" 200 OK
T+0930s available=4.8GiB | (APIServer pid=1) INFO 09-07 18:38:19 [metrics.py:120] SpecDecoding metrics: Mean acceptance length: 1.89, Accepted throughput: 21.60 tokens/s, Drafted throughp
T+0933s available=4.8GiB | (APIServer pid=1) INFO 09-07 18:38:19 [metrics.py:120] SpecDecoding metrics: Mean acceptance length: 1.89, Accepted throughput: 21.60 tokens/s, Drafted throughp
T+0935s available=4.8GiB | (APIServer pid=1) INFO 09-07 18:38:19 [metrics.py:120] SpecDecoding metrics: Mean acceptance length: 1.89, Accepted throughput: 21.60 tokens/s, Drafted throughp
T+0937s available=4.8GiB | (APIServer pid=1) INFO 09-07 18:38:19 [metrics.py:120] SpecDecoding metrics: Mean acceptance length: 1.89, Accepted throughput: 21.60 tokens/s, Drafted throughp
T+0939s available=4.8GiB | (APIServer pid=1) INFO 09-07 18:38:19 [metrics.py:120] SpecDecoding metrics: Mean acceptance length: 1.89, Accepted throughput: 21.60 tokens/s, Drafted throughp
T+0941s available=4.8GiB | (APIServer pid=1) INFO 09-07 18:38:29 [metrics.py:120] SpecDecoding metrics: Mean acceptance length: 2.41, Accepted throughput: 209.61 tokens/s, Drafted through
T+0943s available=4.8GiB | (APIServer pid=1) INFO 09-07 18:38:29 [metrics.py:120] SpecDecoding metrics: Mean acceptance length: 2.41, Accepted throughput: 209.61 tokens/s, Drafted through
T+0945s available=4.8GiB | (APIServer pid=1) INFO 09-07 18:38:29 [metrics.py:120] SpecDecoding metrics: Mean acceptance length: 2.41, Accepted throughput: 209.61 tokens/s, Drafted through
T+0947s available=4.8GiB | (APIServer pid=1) INFO 09-07 18:38:29 [metrics.py:120] SpecDecoding metrics: Mean acceptance length: 2.41, Accepted throughput: 209.61 tokens/s, Drafted through
T+0949s available=4.8GiB | (APIServer pid=1) INFO 09-07 18:38:29 [metrics.py:120] SpecDecoding metrics: Mean acceptance length: 2.41, Accepted throughput: 209.61 tokens/s, Drafted through
T+0951s available=4.8GiB | (APIServer pid=1) INFO 09-07 18:38:39 [metrics.py:120] SpecDecoding metrics: Mean acceptance length: 1.88, Accepted throughput: 130.75 tokens/s, Drafted through
T+0953s available=4.8GiB | (APIServer pid=1) INFO 09-07 18:38:39 [metrics.py:120] SpecDecoding metrics: Mean acceptance length: 1.88, Accepted throughput: 130.75 tokens/s, Drafted through
T+0955s available=4.8GiB | (APIServer pid=1) INFO 09-07 18:38:39 [metrics.py:120] SpecDecoding metrics: Mean acceptance length: 1.88, Accepted throughput: 130.75 tokens/s, Drafted through
T+0957s available=4.8GiB | (APIServer pid=1) INFO 09-07 18:38:39 [metrics.py:120] SpecDecoding metrics: Mean acceptance length: 1.88, Accepted throughput: 130.75 tokens/s, Drafted through
T+0959s available=4.8GiB | (APIServer pid=1) INFO 09-07 18:38:39 [metrics.py:120] SpecDecoding metrics: Mean acceptance length: 1.88, Accepted throughput: 130.75 tokens/s, Drafted through
T+0962s available=4.8GiB | (APIServer pid=1) INFO 09-07 18:38:49 [metrics.py:120] SpecDecoding metrics: Mean acceptance length: 1.83, Accepted throughput: 119.99 tokens/s, Drafted through
T+0964s available=4.8GiB | (APIServer pid=1) INFO 09-07 18:38:49 [metrics.py:120] SpecDecoding metrics: Mean acceptance length: 1.83, Accepted throughput: 119.99 tokens/s, Drafted through
T+0966s available=4.8GiB | (APIServer pid=1) INFO 09-07 18:38:49 [metrics.py:120] SpecDecoding metrics: Mean acceptance length: 1.83, Accepted throughput: 119.99 tokens/s, Drafted through
T+0968s available=4.8GiB | (APIServer pid=1) INFO:     192.168.8.10:60190 - "POST /v1/chat/completions HTTP/1.1" 200 OK
T+0970s available=4.8GiB | (APIServer pid=1) INFO:     192.168.8.10:60198 - "POST /v1/chat/completions HTTP/1.1" 200 OK
T+0972s available=4.8GiB | (APIServer pid=1) INFO:     192.168.8.10:60254 - "POST /v1/chat/completions HTTP/1.1" 200 OK
T+0974s available=4.8GiB | (APIServer pid=1) INFO:     192.168.8.10:60254 - "POST /v1/chat/completions HTTP/1.1" 200 OK
T+0976s available=4.8GiB | (APIServer pid=1) INFO:     192.168.8.10:60254 - "POST /v1/chat/completions HTTP/1.1" 200 OK
T+0978s available=4.8GiB | (APIServer pid=1) INFO:     192.168.8.10:60254 - "POST /v1/chat/completions HTTP/1.1" 200 OK
T+0980s available=4.8GiB | (APIServer pid=1) INFO 09-07 18:39:09 [metrics.py:120] SpecDecoding metrics: Mean acceptance length: 2.08, Accepted throughput: 106.59 tokens/s, Drafted through
T+0982s available=4.8GiB | (APIServer pid=1) INFO 09-07 18:39:09 [metrics.py:120] SpecDecoding metrics: Mean acceptance length: 2.08, Accepted throughput: 106.59 tokens/s, Drafted through
T+0984s available=4.8GiB | (APIServer pid=1) INFO 09-07 18:39:09 [metrics.py:120] SpecDecoding metrics: Mean acceptance length: 2.08, Accepted throughput: 106.59 tokens/s, Drafted through
T+0986s available=4.8GiB | (APIServer pid=1) INFO 09-07 18:39:09 [metrics.py:120] SpecDecoding metrics: Mean acceptance length: 2.08, Accepted throughput: 106.59 tokens/s, Drafted through
T+0988s available=4.8GiB | (APIServer pid=1) INFO 09-07 18:39:09 [metrics.py:120] SpecDecoding metrics: Mean acceptance length: 2.08, Accepted throughput: 106.59 tokens/s, Drafted through
T+0990s available=4.8GiB | (APIServer pid=1) INFO 09-07 18:39:19 [metrics.py:120] SpecDecoding metrics: Mean acceptance length: 1.89, Accepted throughput: 71.20 tokens/s, Drafted throughp
T+0993s available=4.8GiB | (APIServer pid=1) INFO 09-07 18:39:19 [metrics.py:120] SpecDecoding metrics: Mean acceptance length: 1.89, Accepted throughput: 71.20 tokens/s, Drafted throughp
T+0995s available=4.8GiB | (APIServer pid=1) INFO 09-07 18:39:19 [metrics.py:120] SpecDecoding metrics: Mean acceptance length: 1.89, Accepted throughput: 71.20 tokens/s, Drafted throughp
T+0997s available=4.8GiB | (APIServer pid=1) INFO 09-07 18:39:19 [metrics.py:120] SpecDecoding metrics: Mean acceptance length: 1.89, Accepted throughput: 71.20 tokens/s, Drafted throughp
T+0999s available=4.8GiB | (APIServer pid=1) INFO 09-07 18:39:19 [metrics.py:120] SpecDecoding metrics: Mean acceptance length: 1.89, Accepted throughput: 71.20 tokens/s, Drafted throughp
T+1001s available=4.8GiB | (APIServer pid=1) INFO 09-07 18:39:29 [metrics.py:120] SpecDecoding metrics: Mean acceptance length: 1.85, Accepted throughput: 53.70 tokens/s, Drafted throughp
T+1003s available=4.8GiB | (APIServer pid=1) INFO 09-07 18:39:29 [metrics.py:120] SpecDecoding metrics: Mean acceptance length: 1.85, Accepted throughput: 53.70 tokens/s, Drafted throughp
T+1005s available=4.8GiB | (APIServer pid=1) INFO:     192.168.8.10:42856 - "POST /v1/chat/completions HTTP/1.1" 200 OK
T+1007s available=4.8GiB | (APIServer pid=1) INFO:     192.168.8.10:42856 - "POST /v1/chat/completions HTTP/1.1" 200 OK
T+1009s available=4.8GiB | (APIServer pid=1) INFO:     192.168.8.10:42856 - "POST /v1/chat/completions HTTP/1.1" 200 OK
T+1011s available=4.8GiB | (APIServer pid=1) INFO 09-07 18:39:39 [metrics.py:120] SpecDecoding metrics: Mean acceptance length: 2.79, Accepted throughput: 124.19 tokens/s, Drafted through
T+1013s available=4.8GiB | (APIServer pid=1) INFO 09-07 18:39:39 [metrics.py:120] SpecDecoding metrics: Mean acceptance length: 2.79, Accepted throughput: 124.19 tokens/s, Drafted through
T+1015s available=4.8GiB | (APIServer pid=1) INFO 09-07 18:39:39 [metrics.py:120] SpecDecoding metrics: Mean acceptance length: 2.79, Accepted throughput: 124.19 tokens/s, Drafted through
T+1017s available=4.8GiB | (APIServer pid=1) INFO 09-07 18:39:39 [metrics.py:120] SpecDecoding metrics: Mean acceptance length: 2.79, Accepted throughput: 124.19 tokens/s, Drafted through
T+1019s available=4.8GiB | (APIServer pid=1) INFO 09-07 18:39:39 [metrics.py:120] SpecDecoding metrics: Mean acceptance length: 2.79, Accepted throughput: 124.19 tokens/s, Drafted through
T+1021s available=4.8GiB | (APIServer pid=1) INFO 09-07 18:39:49 [metrics.py:120] SpecDecoding metrics: Mean acceptance length: 1.96, Accepted throughput: 143.07 tokens/s, Drafted through
T+1023s available=4.8GiB | (APIServer pid=1) INFO 09-07 18:39:49 [metrics.py:120] SpecDecoding metrics: Mean acceptance length: 1.96, Accepted throughput: 143.07 tokens/s, Drafted through
T+1025s available=4.8GiB | (APIServer pid=1) INFO 09-07 18:39:49 [metrics.py:120] SpecDecoding metrics: Mean acceptance length: 1.96, Accepted throughput: 143.07 tokens/s, Drafted through
T+1028s available=4.8GiB | (APIServer pid=1) INFO 09-07 18:39:49 [metrics.py:120] SpecDecoding metrics: Mean acceptance length: 1.96, Accepted throughput: 143.07 tokens/s, Drafted through
T+1030s available=4.8GiB | (APIServer pid=1) INFO 09-07 18:39:49 [metrics.py:120] SpecDecoding metrics: Mean acceptance length: 1.96, Accepted throughput: 143.07 tokens/s, Drafted through
T+1032s available=4.8GiB | (APIServer pid=1) INFO 09-07 18:39:59 [metrics.py:120] SpecDecoding metrics: Mean acceptance length: 1.83, Accepted throughput: 120.90 tokens/s, Drafted through
T+1034s available=4.8GiB | (APIServer pid=1) INFO 09-07 18:39:59 [metrics.py:120] SpecDecoding metrics: Mean acceptance length: 1.83, Accepted throughput: 120.90 tokens/s, Drafted through
T+1036s available=4.8GiB | (APIServer pid=1) INFO 09-07 18:39:59 [metrics.py:120] SpecDecoding metrics: Mean acceptance length: 1.83, Accepted throughput: 120.90 tokens/s, Drafted through
T+1038s available=4.8GiB | (APIServer pid=1) INFO 09-07 18:39:59 [metrics.py:120] SpecDecoding metrics: Mean acceptance length: 1.83, Accepted throughput: 120.90 tokens/s, Drafted through
T+1040s available=4.8GiB | (APIServer pid=1) INFO 09-07 18:40:09 [metrics.py:120] SpecDecoding metrics: Mean acceptance length: 1.82, Accepted throughput: 120.18 tokens/s, Drafted through
T+1042s available=4.8GiB | (APIServer pid=1) INFO 09-07 18:40:09 [metrics.py:120] SpecDecoding metrics: Mean acceptance length: 1.82, Accepted throughput: 120.18 tokens/s, Drafted through
T+1044s available=4.8GiB | (APIServer pid=1) INFO 09-07 18:40:09 [metrics.py:120] SpecDecoding metrics: Mean acceptance length: 1.82, Accepted throughput: 120.18 tokens/s, Drafted through
T+1046s available=4.8GiB | (APIServer pid=1) INFO:     192.168.8.10:55928 - "POST /v1/chat/completions HTTP/1.1" 200 OK
T+1048s available=4.8GiB | (APIServer pid=1) INFO:     192.168.8.10:55970 - "POST /v1/chat/completions HTTP/1.1" 200 OK
T+1050s available=4.8GiB | (APIServer pid=1) INFO:     192.168.8.10:56054 - "POST /v1/chat/completions HTTP/1.1" 200 OK
T+1052s available=4.8GiB | (APIServer pid=1) INFO:     192.168.8.10:56106 - "POST /v1/chat/completions HTTP/1.1" 200 OK
T+1054s available=4.8GiB | (APIServer pid=1) INFO:     192.168.8.10:56116 - "POST /v1/chat/completions HTTP/1.1" 200 OK
T+1057s available=4.8GiB | (APIServer pid=1) INFO:     192.168.8.10:56122 - "POST /v1/chat/completions HTTP/1.1" 200 OK
T+1059s available=4.8GiB | (APIServer pid=1) INFO:     192.168.8.10:56122 - "POST /v1/chat/completions HTTP/1.1" 200 OK
T+1061s available=4.8GiB | (APIServer pid=1) INFO 09-07 18:40:29 [metrics.py:120] SpecDecoding metrics: Mean acceptance length: 2.29, Accepted throughput: 174.68 tokens/s, Drafted through
T+1063s available=4.8GiB | (APIServer pid=1) INFO 09-07 18:40:29 [metrics.py:120] SpecDecoding metrics: Mean acceptance length: 2.29, Accepted throughput: 174.68 tokens/s, Drafted through
T+1065s available=4.8GiB | (APIServer pid=1) INFO 09-07 18:40:29 [metrics.py:120] SpecDecoding metrics: Mean acceptance length: 2.29, Accepted throughput: 174.68 tokens/s, Drafted through
T+1067s available=4.8GiB | (APIServer pid=1) INFO 09-07 18:40:29 [metrics.py:120] SpecDecoding metrics: Mean acceptance length: 2.29, Accepted throughput: 174.68 tokens/s, Drafted through
T+1069s available=4.8GiB | (APIServer pid=1) INFO 09-07 18:40:29 [metrics.py:120] SpecDecoding metrics: Mean acceptance length: 2.29, Accepted throughput: 174.68 tokens/s, Drafted through
T+1071s available=4.8GiB | (APIServer pid=1) INFO 09-07 18:40:39 [metrics.py:120] SpecDecoding metrics: Mean acceptance length: 1.90, Accepted throughput: 133.68 tokens/s, Drafted through
T+1073s available=4.8GiB | (APIServer pid=1) INFO 09-07 18:40:39 [metrics.py:120] SpecDecoding metrics: Mean acceptance length: 1.90, Accepted throughput: 133.68 tokens/s, Drafted through
T+1075s available=4.8GiB | (APIServer pid=1) INFO 09-07 18:40:39 [metrics.py:120] SpecDecoding metrics: Mean acceptance length: 1.90, Accepted throughput: 133.68 tokens/s, Drafted through
T+1077s available=4.8GiB | (APIServer pid=1) INFO 09-07 18:40:39 [metrics.py:120] SpecDecoding metrics: Mean acceptance length: 1.90, Accepted throughput: 133.68 tokens/s, Drafted through
T+1079s available=4.8GiB | (APIServer pid=1) INFO 09-07 18:40:39 [metrics.py:120] SpecDecoding metrics: Mean acceptance length: 1.90, Accepted throughput: 133.68 tokens/s, Drafted through
T+1081s available=4.8GiB | (APIServer pid=1) INFO 09-07 18:40:49 [metrics.py:120] SpecDecoding metrics: Mean acceptance length: 1.81, Accepted throughput: 118.19 tokens/s, Drafted through
T+1083s available=4.8GiB | (APIServer pid=1) INFO 09-07 18:40:49 [metrics.py:120] SpecDecoding metrics: Mean acceptance length: 1.81, Accepted throughput: 118.19 tokens/s, Drafted through
T+1086s available=4.8GiB | (APIServer pid=1) INFO 09-07 18:40:49 [metrics.py:120] SpecDecoding metrics: Mean acceptance length: 1.81, Accepted throughput: 118.19 tokens/s, Drafted through
T+1088s available=4.8GiB | (APIServer pid=1) INFO:     192.168.8.10:56626 - "POST /v1/chat/completions HTTP/1.1" 200 OK
T+1090s available=4.8GiB | (APIServer pid=1) INFO:     192.168.8.10:56638 - "POST /v1/chat/completions HTTP/1.1" 200 OK
T+1092s available=4.8GiB | (APIServer pid=1) INFO:     192.168.8.10:56676 - "POST /v1/chat/completions HTTP/1.1" 200 OK
T+1094s available=4.8GiB | (APIServer pid=1) INFO:     192.168.8.10:56716 - "POST /v1/chat/completions HTTP/1.1" 200 OK
T+1096s available=4.8GiB | (APIServer pid=1) INFO:     192.168.8.10:44278 - "POST /v1/chat/completions HTTP/1.1" 200 OK
T+1098s available=4.8GiB | (APIServer pid=1) INFO:     192.168.8.10:44278 - "POST /v1/chat/completions HTTP/1.1" 200 OK
T+1100s available=4.8GiB | (APIServer pid=1) INFO 09-07 18:41:09 [metrics.py:120] SpecDecoding metrics: Mean acceptance length: 2.14, Accepted throughput: 138.48 tokens/s, Drafted through
T+1102s available=4.8GiB | (APIServer pid=1) INFO 09-07 18:41:09 [metrics.py:120] SpecDecoding metrics: Mean acceptance length: 2.14, Accepted throughput: 138.48 tokens/s, Drafted through
T+1104s available=4.8GiB | (APIServer pid=1) INFO 09-07 18:41:09 [metrics.py:120] SpecDecoding metrics: Mean acceptance length: 2.14, Accepted throughput: 138.48 tokens/s, Drafted through
T+1106s available=4.8GiB | (APIServer pid=1) INFO 09-07 18:41:09 [metrics.py:120] SpecDecoding metrics: Mean acceptance length: 2.14, Accepted throughput: 138.48 tokens/s, Drafted through
T+1108s available=4.8GiB | (APIServer pid=1) INFO 09-07 18:41:09 [metrics.py:120] SpecDecoding metrics: Mean acceptance length: 2.14, Accepted throughput: 138.48 tokens/s, Drafted through
T+1110s available=4.8GiB | (APIServer pid=1) INFO 09-07 18:41:19 [metrics.py:120] SpecDecoding metrics: Mean acceptance length: 1.95, Accepted throughput: 113.59 tokens/s, Drafted through
T+1112s available=4.8GiB | (APIServer pid=1) INFO 09-07 18:41:19 [metrics.py:120] SpecDecoding metrics: Mean acceptance length: 1.95, Accepted throughput: 113.59 tokens/s, Drafted through
T+1114s available=4.8GiB | (APIServer pid=1) INFO 09-07 18:41:19 [metrics.py:120] SpecDecoding metrics: Mean acceptance length: 1.95, Accepted throughput: 113.59 tokens/s, Drafted through
T+1116s available=4.8GiB | (APIServer pid=1) INFO 09-07 18:41:19 [metrics.py:120] SpecDecoding metrics: Mean acceptance length: 1.95, Accepted throughput: 113.59 tokens/s, Drafted through
T+1119s available=4.8GiB | (APIServer pid=1) INFO 09-07 18:41:19 [metrics.py:120] SpecDecoding metrics: Mean acceptance length: 1.95, Accepted throughput: 113.59 tokens/s, Drafted through
T+1121s available=4.8GiB | (APIServer pid=1) INFO 09-07 18:41:29 [metrics.py:120] SpecDecoding metrics: Mean acceptance length: 1.91, Accepted throughput: 105.89 tokens/s, Drafted through
T+1123s available=4.8GiB | (APIServer pid=1) INFO 09-07 18:41:29 [metrics.py:120] SpecDecoding metrics: Mean acceptance length: 1.91, Accepted throughput: 105.89 tokens/s, Drafted through
T+1125s available=4.8GiB | (APIServer pid=1) INFO 09-07 18:41:29 [metrics.py:120] SpecDecoding metrics: Mean acceptance length: 1.91, Accepted throughput: 105.89 tokens/s, Drafted through
T+1127s available=4.8GiB | (APIServer pid=1) INFO 09-07 18:41:29 [metrics.py:120] SpecDecoding metrics: Mean acceptance length: 1.91, Accepted throughput: 105.89 tokens/s, Drafted through
T+1129s available=4.8GiB | (APIServer pid=1) INFO 09-07 18:41:29 [metrics.py:120] SpecDecoding metrics: Mean acceptance length: 1.91, Accepted throughput: 105.89 tokens/s, Drafted through
T+1131s available=4.8GiB | (APIServer pid=1) INFO 09-07 18:41:39 [metrics.py:120] SpecDecoding metrics: Mean acceptance length: 1.83, Accepted throughput: 81.90 tokens/s, Drafted throughp
T+1133s available=4.8GiB | (APIServer pid=1) INFO 09-07 18:41:39 [metrics.py:120] SpecDecoding metrics: Mean acceptance length: 1.83, Accepted throughput: 81.90 tokens/s, Drafted throughp
T+1135s available=4.8GiB | (APIServer pid=1) INFO 09-07 18:41:39 [metrics.py:120] SpecDecoding metrics: Mean acceptance length: 1.83, Accepted throughput: 81.90 tokens/s, Drafted throughp
T+1137s available=4.8GiB | (APIServer pid=1) INFO:     192.168.8.10:42052 - "POST /v1/chat/completions HTTP/1.1" 200 OK
T+1139s available=4.8GiB | (APIServer pid=1) INFO:     192.168.8.10:42052 - "POST /v1/chat/completions HTTP/1.1" 200 OK
T+1141s available=4.7GiB | (APIServer pid=1) INFO 09-07 18:41:49 [metrics.py:120] SpecDecoding metrics: Mean acceptance length: 1.83, Accepted throughput: 2.90 tokens/s, Drafted throughpu
T+1143s available=4.8GiB | (APIServer pid=1) INFO 09-07 18:41:49 [metrics.py:120] SpecDecoding metrics: Mean acceptance length: 1.83, Accepted throughput: 2.90 tokens/s, Drafted throughpu
T+1145s available=4.7GiB | (APIServer pid=1) INFO 09-07 18:41:49 [metrics.py:120] SpecDecoding metrics: Mean acceptance length: 1.83, Accepted throughput: 2.90 tokens/s, Drafted throughpu
T+1147s available=4.7GiB | (APIServer pid=1) INFO:     192.168.8.10:50410 - "POST /v1/chat/completions HTTP/1.1" 200 OK
T+1149s available=4.7GiB | (APIServer pid=1) INFO:     192.168.8.10:50410 - "POST /v1/chat/completions HTTP/1.1" 200 OK
T+1151s available=4.7GiB | (APIServer pid=1) INFO 09-07 18:41:59 [metrics.py:120] SpecDecoding metrics: Mean acceptance length: 3.28, Accepted throughput: 18.90 tokens/s, Drafted throughp
T+1153s available=4.7GiB | (APIServer pid=1) INFO 09-07 18:41:59 [metrics.py:120] SpecDecoding metrics: Mean acceptance length: 3.28, Accepted throughput: 18.90 tokens/s, Drafted throughp
T+1155s available=4.7GiB | (APIServer pid=1) INFO 09-07 18:41:59 [metrics.py:120] SpecDecoding metrics: Mean acceptance length: 3.28, Accepted throughput: 18.90 tokens/s, Drafted throughp
T+1158s available=4.7GiB | (APIServer pid=1) INFO 09-07 18:41:59 [metrics.py:120] SpecDecoding metrics: Mean acceptance length: 3.28, Accepted throughput: 18.90 tokens/s, Drafted throughp
T+1160s available=4.7GiB | (APIServer pid=1) INFO 09-07 18:41:59 [metrics.py:120] SpecDecoding metrics: Mean acceptance length: 3.28, Accepted throughput: 18.90 tokens/s, Drafted throughp
T+1162s available=4.7GiB | (APIServer pid=1) INFO 09-07 18:42:09 [metrics.py:120] SpecDecoding metrics: Mean acceptance length: 2.92, Accepted throughput: 4.80 tokens/s, Drafted throughpu
T+1164s available=4.7GiB | (APIServer pid=1) INFO 09-07 18:42:09 [metrics.py:120] SpecDecoding metrics: Mean acceptance length: 2.92, Accepted throughput: 4.80 tokens/s, Drafted throughpu
T+1166s available=4.7GiB | (APIServer pid=1) INFO 09-07 18:42:09 [metrics.py:120] SpecDecoding metrics: Mean acceptance length: 2.92, Accepted throughput: 4.80 tokens/s, Drafted throughpu
T+1168s available=4.7GiB | (APIServer pid=1) INFO 09-07 18:42:09 [metrics.py:120] SpecDecoding metrics: Mean acceptance length: 2.92, Accepted throughput: 4.80 tokens/s, Drafted throughpu
T+1170s available=4.7GiB | (APIServer pid=1) INFO 09-07 18:42:09 [metrics.py:120] SpecDecoding metrics: Mean acceptance length: 2.92, Accepted throughput: 4.80 tokens/s, Drafted throughpu
T+1172s available=4.7GiB | (APIServer pid=1) INFO 09-07 18:42:19 [metrics.py:120] SpecDecoding metrics: Mean acceptance length: 2.62, Accepted throughput: 25.50 tokens/s, Drafted throughp
T+1174s available=4.7GiB | (APIServer pid=1) INFO 09-07 18:42:19 [metrics.py:120] SpecDecoding metrics: Mean acceptance length: 2.62, Accepted throughput: 25.50 tokens/s, Drafted throughp
T+1176s available=4.7GiB | (APIServer pid=1) INFO 09-07 18:42:19 [metrics.py:120] SpecDecoding metrics: Mean acceptance length: 2.62, Accepted throughput: 25.50 tokens/s, Drafted throughp
T+1178s available=4.7GiB | (APIServer pid=1) INFO 09-07 18:42:19 [metrics.py:120] SpecDecoding metrics: Mean acceptance length: 2.62, Accepted throughput: 25.50 tokens/s, Drafted throughp
T+1180s available=4.7GiB | (APIServer pid=1) INFO 09-07 18:42:29 [metrics.py:120] SpecDecoding metrics: Mean acceptance length: 2.53, Accepted throughput: 24.00 tokens/s, Drafted throughp
T+1182s available=3.8GiB | (APIServer pid=1) INFO:     192.168.8.10:32964 - "POST /tokenize HTTP/1.1" 200 OK
T+1184s available=3.8GiB | (APIServer pid=1) INFO:     192.168.8.10:33034 - "POST /tokenize HTTP/1.1" 200 OK
T+1186s available=3.8GiB | (APIServer pid=1) INFO:     192.168.8.10:51848 - "POST /v1/chat/completions HTTP/1.1" 200 OK
T+1188s available=3.8GiB | (APIServer pid=1) INFO:     192.168.8.10:51848 - "POST /v1/chat/completions HTTP/1.1" 200 OK
T+1190s available=3.8GiB | (APIServer pid=1) INFO 09-07 18:42:39 [metrics.py:120] SpecDecoding metrics: Mean acceptance length: 4.00, Accepted throughput: 3.60 tokens/s, Drafted throughpu
T+1192s available=3.8GiB | (APIServer pid=1) INFO 09-07 18:42:39 [metrics.py:120] SpecDecoding metrics: Mean acceptance length: 4.00, Accepted throughput: 3.60 tokens/s, Drafted throughpu
T+1194s available=3.8GiB | (APIServer pid=1) INFO 09-07 18:42:39 [metrics.py:120] SpecDecoding metrics: Mean acceptance length: 4.00, Accepted throughput: 3.60 tokens/s, Drafted throughpu
T+1196s available=3.8GiB | (APIServer pid=1) INFO 09-07 18:42:39 [metrics.py:120] SpecDecoding metrics: Mean acceptance length: 4.00, Accepted throughput: 3.60 tokens/s, Drafted throughpu
T+1198s available=3.8GiB | (APIServer pid=1) INFO 09-07 18:42:39 [metrics.py:120] SpecDecoding metrics: Mean acceptance length: 4.00, Accepted throughput: 3.60 tokens/s, Drafted throughpu
T+1201s available=3.8GiB | (APIServer pid=1) INFO 09-07 18:42:49 [loggers.py:310] Engine 000: Avg prompt throughput: 0.0 tokens/s, Avg generation throughput: 0.0 tokens/s, Running: 1 reqs
T+1203s available=3.8GiB | (APIServer pid=1) INFO 09-07 18:42:49 [loggers.py:310] Engine 000: Avg prompt throughput: 0.0 tokens/s, Avg generation throughput: 0.0 tokens/s, Running: 1 reqs
T+1205s available=3.8GiB | (APIServer pid=1) INFO 09-07 18:42:49 [loggers.py:310] Engine 000: Avg prompt throughput: 0.0 tokens/s, Avg generation throughput: 0.0 tokens/s, Running: 1 reqs
T+1207s available=3.8GiB | (APIServer pid=1) INFO 09-07 18:42:49 [loggers.py:310] Engine 000: Avg prompt throughput: 0.0 tokens/s, Avg generation throughput: 0.0 tokens/s, Running: 1 reqs
T+1209s available=3.8GiB | (APIServer pid=1) INFO 09-07 18:42:49 [loggers.py:310] Engine 000: Avg prompt throughput: 0.0 tokens/s, Avg generation throughput: 0.0 tokens/s, Running: 1 reqs
T+1211s available=3.8GiB | (APIServer pid=1) INFO 09-07 18:42:49 [loggers.py:310] Engine 000: Avg prompt throughput: 0.0 tokens/s, Avg generation throughput: 0.0 tokens/s, Running: 1 reqs
T+1213s available=3.8GiB | (APIServer pid=1) INFO 09-07 18:42:49 [loggers.py:310] Engine 000: Avg prompt throughput: 0.0 tokens/s, Avg generation throughput: 0.0 tokens/s, Running: 1 reqs
T+1215s available=3.8GiB | (APIServer pid=1) INFO 09-07 18:42:49 [loggers.py:310] Engine 000: Avg prompt throughput: 0.0 tokens/s, Avg generation throughput: 0.0 tokens/s, Running: 1 reqs
T+1217s available=3.8GiB | (APIServer pid=1) INFO 09-07 18:42:49 [loggers.py:310] Engine 000: Avg prompt throughput: 0.0 tokens/s, Avg generation throughput: 0.0 tokens/s, Running: 1 reqs
T+1219s available=3.8GiB | (APIServer pid=1) INFO 09-07 18:42:49 [loggers.py:310] Engine 000: Avg prompt throughput: 0.0 tokens/s, Avg generation throughput: 0.0 tokens/s, Running: 1 reqs
T+1221s available=3.8GiB | (APIServer pid=1) INFO 09-07 18:42:49 [loggers.py:310] Engine 000: Avg prompt throughput: 0.0 tokens/s, Avg generation throughput: 0.0 tokens/s, Running: 1 reqs
T+1223s available=3.8GiB | (APIServer pid=1) INFO 09-07 18:42:49 [loggers.py:310] Engine 000: Avg prompt throughput: 0.0 tokens/s, Avg generation throughput: 0.0 tokens/s, Running: 1 reqs
T+1225s available=3.8GiB | (APIServer pid=1) INFO 09-07 18:42:49 [loggers.py:310] Engine 000: Avg prompt throughput: 0.0 tokens/s, Avg generation throughput: 0.0 tokens/s, Running: 1 reqs
T+1227s available=3.8GiB | (APIServer pid=1) INFO 09-07 18:42:49 [loggers.py:310] Engine 000: Avg prompt throughput: 0.0 tokens/s, Avg generation throughput: 0.0 tokens/s, Running: 1 reqs
T+1229s available=3.8GiB | (APIServer pid=1) INFO 09-07 18:42:49 [loggers.py:310] Engine 000: Avg prompt throughput: 0.0 tokens/s, Avg generation throughput: 0.0 tokens/s, Running: 1 reqs
T+1231s available=3.8GiB | (APIServer pid=1) INFO 09-07 18:42:49 [loggers.py:310] Engine 000: Avg prompt throughput: 0.0 tokens/s, Avg generation throughput: 0.0 tokens/s, Running: 1 reqs
T+1233s available=3.8GiB | (APIServer pid=1) INFO 09-07 18:42:49 [loggers.py:310] Engine 000: Avg prompt throughput: 0.0 tokens/s, Avg generation throughput: 0.0 tokens/s, Running: 1 reqs
T+1235s available=3.8GiB | (APIServer pid=1) INFO 09-07 18:42:49 [loggers.py:310] Engine 000: Avg prompt throughput: 0.0 tokens/s, Avg generation throughput: 0.0 tokens/s, Running: 1 reqs
T+1237s available=3.8GiB | (APIServer pid=1) INFO 09-07 18:42:49 [loggers.py:310] Engine 000: Avg prompt throughput: 0.0 tokens/s, Avg generation throughput: 0.0 tokens/s, Running: 1 reqs
T+1239s available=3.8GiB | (APIServer pid=1) INFO 09-07 18:42:49 [loggers.py:310] Engine 000: Avg prompt throughput: 0.0 tokens/s, Avg generation throughput: 0.0 tokens/s, Running: 1 reqs
T+1242s available=3.8GiB | (APIServer pid=1) INFO 09-07 18:43:29 [metrics.py:120] SpecDecoding metrics: Mean acceptance length: 3.25, Accepted throughput: 2.38 tokens/s, Drafted throughpu
T+1244s available=3.8GiB | (APIServer pid=1) INFO 09-07 18:43:29 [metrics.py:120] SpecDecoding metrics: Mean acceptance length: 3.25, Accepted throughput: 2.38 tokens/s, Drafted throughpu
T+1246s available=3.8GiB | (APIServer pid=1) INFO 09-07 18:43:29 [metrics.py:120] SpecDecoding metrics: Mean acceptance length: 3.25, Accepted throughput: 2.38 tokens/s, Drafted throughpu
T+1248s available=3.8GiB | (APIServer pid=1) INFO 09-07 18:43:29 [metrics.py:120] SpecDecoding metrics: Mean acceptance length: 3.25, Accepted throughput: 2.38 tokens/s, Drafted throughpu
T+1250s available=3.8GiB | (APIServer pid=1) INFO 09-07 18:43:29 [metrics.py:120] SpecDecoding metrics: Mean acceptance length: 3.25, Accepted throughput: 2.38 tokens/s, Drafted throughpu
T+1252s available=3.8GiB | (APIServer pid=1) INFO 09-07 18:43:39 [metrics.py:120] SpecDecoding metrics: Mean acceptance length: 2.60, Accepted throughput: 25.70 tokens/s, Drafted throughp
T+1254s available=3.8GiB | (APIServer pid=1) INFO 09-07 18:43:39 [metrics.py:120] SpecDecoding metrics: Mean acceptance length: 2.60, Accepted throughput: 25.70 tokens/s, Drafted throughp
T+1256s available=3.8GiB | (APIServer pid=1) INFO 09-07 18:43:39 [metrics.py:120] SpecDecoding metrics: Mean acceptance length: 2.60, Accepted throughput: 25.70 tokens/s, Drafted throughp
T+1258s available=3.8GiB | (APIServer pid=1) INFO 09-07 18:43:39 [metrics.py:120] SpecDecoding metrics: Mean acceptance length: 2.60, Accepted throughput: 25.70 tokens/s, Drafted throughp
T+1260s available=3.8GiB | (APIServer pid=1) INFO 09-07 18:43:49 [metrics.py:120] SpecDecoding metrics: Mean acceptance length: 2.71, Accepted throughput: 27.70 tokens/s, Drafted throughp
T+1262s available=3.8GiB | (APIServer pid=1) INFO 09-07 18:43:49 [metrics.py:120] SpecDecoding metrics: Mean acceptance length: 2.71, Accepted throughput: 27.70 tokens/s, Drafted throughp
T+1264s available=3.8GiB | (APIServer pid=1) INFO 09-07 18:43:49 [metrics.py:120] SpecDecoding metrics: Mean acceptance length: 2.71, Accepted throughput: 27.70 tokens/s, Drafted throughp
T+1266s available=3.8GiB | (APIServer pid=1) INFO 09-07 18:43:49 [metrics.py:120] SpecDecoding metrics: Mean acceptance length: 2.71, Accepted throughput: 27.70 tokens/s, Drafted throughp
T+1268s available=3.8GiB | (APIServer pid=1) INFO 09-07 18:43:49 [metrics.py:120] SpecDecoding metrics: Mean acceptance length: 2.71, Accepted throughput: 27.70 tokens/s, Drafted throughp
T+1270s available=3.8GiB | (APIServer pid=1) INFO 09-07 18:43:59 [metrics.py:120] SpecDecoding metrics: Mean acceptance length: 2.66, Accepted throughput: 26.30 tokens/s, Drafted throughp
T+1272s available=3.8GiB | (APIServer pid=1) INFO 09-07 18:43:59 [metrics.py:120] SpecDecoding metrics: Mean acceptance length: 2.66, Accepted throughput: 26.30 tokens/s, Drafted throughp
T+1274s available=3.8GiB | (APIServer pid=1) INFO 09-07 18:43:59 [metrics.py:120] SpecDecoding metrics: Mean acceptance length: 2.66, Accepted throughput: 26.30 tokens/s, Drafted throughp
T+1276s available=3.8GiB | (APIServer pid=1) INFO 09-07 18:43:59 [metrics.py:120] SpecDecoding metrics: Mean acceptance length: 2.66, Accepted throughput: 26.30 tokens/s, Drafted throughp
T+1279s available=3.8GiB | (APIServer pid=1) INFO 09-07 18:43:59 [metrics.py:120] SpecDecoding metrics: Mean acceptance length: 2.66, Accepted throughput: 26.30 tokens/s, Drafted throughp
T+1281s available=3.8GiB | (APIServer pid=1) INFO 09-07 18:44:09 [metrics.py:120] SpecDecoding metrics: Mean acceptance length: 2.66, Accepted throughput: 25.90 tokens/s, Drafted throughp
T+1283s available=3.8GiB | (APIServer pid=1) INFO 09-07 18:44:09 [metrics.py:120] SpecDecoding metrics: Mean acceptance length: 2.66, Accepted throughput: 25.90 tokens/s, Drafted throughp
T+1285s available=3.8GiB | (APIServer pid=1) INFO 09-07 18:44:09 [metrics.py:120] SpecDecoding metrics: Mean acceptance length: 2.66, Accepted throughput: 25.90 tokens/s, Drafted throughp
T+1287s available=3.8GiB | (APIServer pid=1) INFO:     192.168.8.10:33040 - "POST /tokenize HTTP/1.1" 200 OK
T+1289s available=3.8GiB | (APIServer pid=1) INFO:     192.168.8.10:33090 - "POST /tokenize HTTP/1.1" 200 OK
T+1291s available=3.8GiB | (APIServer pid=1) INFO:     192.168.8.10:33138 - "POST /tokenize HTTP/1.1" 200 OK
T+1293s available=3.8GiB | (APIServer pid=1) INFO:     192.168.8.10:33182 - "POST /v1/chat/completions HTTP/1.1" 200 OK
T+1295s available=3.8GiB | (APIServer pid=1) INFO:     192.168.8.10:33182 - "POST /v1/chat/completions HTTP/1.1" 200 OK
T+1297s available=3.8GiB | (APIServer pid=1) INFO:     192.168.8.10:33182 - "POST /v1/chat/completions HTTP/1.1" 200 OK
T+1299s available=3.8GiB | (APIServer pid=1) INFO:     192.168.8.10:33182 - "POST /v1/chat/completions HTTP/1.1" 200 OK
T+1301s available=3.8GiB | (APIServer pid=1) INFO 09-07 18:44:29 [loggers.py:310] Engine 000: Avg prompt throughput: 0.0 tokens/s, Avg generation throughput: 0.0 tokens/s, Running: 1 reqs
T+1303s available=3.8GiB | (APIServer pid=1) INFO 09-07 18:44:29 [loggers.py:310] Engine 000: Avg prompt throughput: 0.0 tokens/s, Avg generation throughput: 0.0 tokens/s, Running: 1 reqs
T+1305s available=3.8GiB | (APIServer pid=1) INFO 09-07 18:44:29 [loggers.py:310] Engine 000: Avg prompt throughput: 0.0 tokens/s, Avg generation throughput: 0.0 tokens/s, Running: 1 reqs
T+1307s available=3.8GiB | (APIServer pid=1) INFO 09-07 18:44:29 [loggers.py:310] Engine 000: Avg prompt throughput: 0.0 tokens/s, Avg generation throughput: 0.0 tokens/s, Running: 1 reqs
T+1309s available=3.8GiB | (APIServer pid=1) INFO 09-07 18:44:29 [loggers.py:310] Engine 000: Avg prompt throughput: 0.0 tokens/s, Avg generation throughput: 0.0 tokens/s, Running: 1 reqs
T+1311s available=3.8GiB | (APIServer pid=1) INFO 09-07 18:44:29 [loggers.py:310] Engine 000: Avg prompt throughput: 0.0 tokens/s, Avg generation throughput: 0.0 tokens/s, Running: 1 reqs
T+1313s available=3.8GiB | (APIServer pid=1) INFO 09-07 18:44:29 [loggers.py:310] Engine 000: Avg prompt throughput: 0.0 tokens/s, Avg generation throughput: 0.0 tokens/s, Running: 1 reqs
T+1315s available=3.8GiB | (APIServer pid=1) INFO 09-07 18:44:29 [loggers.py:310] Engine 000: Avg prompt throughput: 0.0 tokens/s, Avg generation throughput: 0.0 tokens/s, Running: 1 reqs
T+1317s available=3.8GiB | (APIServer pid=1) INFO 09-07 18:44:29 [loggers.py:310] Engine 000: Avg prompt throughput: 0.0 tokens/s, Avg generation throughput: 0.0 tokens/s, Running: 1 reqs
T+1319s available=3.8GiB | (APIServer pid=1) INFO 09-07 18:44:29 [loggers.py:310] Engine 000: Avg prompt throughput: 0.0 tokens/s, Avg generation throughput: 0.0 tokens/s, Running: 1 reqs
T+1322s available=3.8GiB | (APIServer pid=1) INFO 09-07 18:44:29 [loggers.py:310] Engine 000: Avg prompt throughput: 0.0 tokens/s, Avg generation throughput: 0.0 tokens/s, Running: 1 reqs
T+1324s available=3.8GiB | (APIServer pid=1) INFO 09-07 18:44:29 [loggers.py:310] Engine 000: Avg prompt throughput: 0.0 tokens/s, Avg generation throughput: 0.0 tokens/s, Running: 1 reqs
T+1326s available=3.8GiB | (APIServer pid=1) INFO 09-07 18:44:29 [loggers.py:310] Engine 000: Avg prompt throughput: 0.0 tokens/s, Avg generation throughput: 0.0 tokens/s, Running: 1 reqs
T+1328s available=3.8GiB | (APIServer pid=1) INFO 09-07 18:44:29 [loggers.py:310] Engine 000: Avg prompt throughput: 0.0 tokens/s, Avg generation throughput: 0.0 tokens/s, Running: 1 reqs
T+1330s available=3.8GiB | (APIServer pid=1) INFO 09-07 18:44:29 [loggers.py:310] Engine 000: Avg prompt throughput: 0.0 tokens/s, Avg generation throughput: 0.0 tokens/s, Running: 1 reqs
T+1332s available=3.8GiB | (APIServer pid=1) INFO 09-07 18:44:29 [loggers.py:310] Engine 000: Avg prompt throughput: 0.0 tokens/s, Avg generation throughput: 0.0 tokens/s, Running: 1 reqs
T+1334s available=3.9GiB | (APIServer pid=1) INFO 09-07 18:44:29 [loggers.py:310] Engine 000: Avg prompt throughput: 0.0 tokens/s, Avg generation throughput: 0.0 tokens/s, Running: 1 reqs
T+1336s available=3.8GiB | (APIServer pid=1) INFO 09-07 18:44:29 [loggers.py:310] Engine 000: Avg prompt throughput: 0.0 tokens/s, Avg generation throughput: 0.0 tokens/s, Running: 1 reqs
T+1338s available=3.8GiB | (APIServer pid=1) INFO 09-07 18:44:29 [loggers.py:310] Engine 000: Avg prompt throughput: 0.0 tokens/s, Avg generation throughput: 0.0 tokens/s, Running: 1 reqs
T+1340s available=3.9GiB | (APIServer pid=1) INFO 09-07 18:44:29 [loggers.py:310] Engine 000: Avg prompt throughput: 0.0 tokens/s, Avg generation throughput: 0.0 tokens/s, Running: 1 reqs
T+1342s available=3.8GiB | (APIServer pid=1) INFO 09-07 18:44:29 [loggers.py:310] Engine 000: Avg prompt throughput: 0.0 tokens/s, Avg generation throughput: 0.0 tokens/s, Running: 1 reqs
T+1344s available=3.8GiB | (APIServer pid=1) INFO 09-07 18:44:29 [loggers.py:310] Engine 000: Avg prompt throughput: 0.0 tokens/s, Avg generation throughput: 0.0 tokens/s, Running: 1 reqs
T+1346s available=3.8GiB | (APIServer pid=1) INFO 09-07 18:44:29 [loggers.py:310] Engine 000: Avg prompt throughput: 0.0 tokens/s, Avg generation throughput: 0.0 tokens/s, Running: 1 reqs
T+1348s available=4.5GiB | (APIServer pid=1) INFO 09-07 18:44:29 [loggers.py:310] Engine 000: Avg prompt throughput: 0.0 tokens/s, Avg generation throughput: 0.0 tokens/s, Running: 1 reqs
T+1350s available=4.4GiB | (APIServer pid=1) INFO 09-07 18:44:29 [loggers.py:310] Engine 000: Avg prompt throughput: 0.0 tokens/s, Avg generation throughput: 0.0 tokens/s, Running: 1 reqs
T+1352s available=4.4GiB | (APIServer pid=1) INFO 09-07 18:44:29 [loggers.py:310] Engine 000: Avg prompt throughput: 0.0 tokens/s, Avg generation throughput: 0.0 tokens/s, Running: 1 reqs
T+1354s available=4.3GiB | (APIServer pid=1) INFO 09-07 18:44:29 [loggers.py:310] Engine 000: Avg prompt throughput: 0.0 tokens/s, Avg generation throughput: 0.0 tokens/s, Running: 1 reqs
T+1356s available=4.3GiB | (APIServer pid=1) INFO 09-07 18:44:29 [loggers.py:310] Engine 000: Avg prompt throughput: 0.0 tokens/s, Avg generation throughput: 0.0 tokens/s, Running: 1 reqs
T+1358s available=4.3GiB | (APIServer pid=1) INFO 09-07 18:44:29 [loggers.py:310] Engine 000: Avg prompt throughput: 0.0 tokens/s, Avg generation throughput: 0.0 tokens/s, Running: 1 reqs
T+1360s available=4.3GiB | (APIServer pid=1) INFO 09-07 18:44:29 [loggers.py:310] Engine 000: Avg prompt throughput: 0.0 tokens/s, Avg generation throughput: 0.0 tokens/s, Running: 1 reqs
T+1363s available=4.3GiB | (APIServer pid=1) INFO 09-07 18:44:29 [loggers.py:310] Engine 000: Avg prompt throughput: 0.0 tokens/s, Avg generation throughput: 0.0 tokens/s, Running: 1 reqs
T+1365s available=4.3GiB | (APIServer pid=1) INFO 09-07 18:44:29 [loggers.py:310] Engine 000: Avg prompt throughput: 0.0 tokens/s, Avg generation throughput: 0.0 tokens/s, Running: 1 reqs
T+1367s available=4.1GiB | (APIServer pid=1) INFO 09-07 18:44:29 [loggers.py:310] Engine 000: Avg prompt throughput: 0.0 tokens/s, Avg generation throughput: 0.0 tokens/s, Running: 1 reqs
T+1369s available=4.1GiB | (APIServer pid=1) INFO 09-07 18:44:29 [loggers.py:310] Engine 000: Avg prompt throughput: 0.0 tokens/s, Avg generation throughput: 0.0 tokens/s, Running: 1 reqs
T+1371s available=3.9GiB | (APIServer pid=1) INFO 09-07 18:45:39 [metrics.py:120] SpecDecoding metrics: Mean acceptance length: 3.67, Accepted throughput: 0.10 tokens/s, Drafted throughpu
T+1373s available=3.9GiB | (APIServer pid=1) INFO 09-07 18:45:39 [metrics.py:120] SpecDecoding metrics: Mean acceptance length: 3.67, Accepted throughput: 0.10 tokens/s, Drafted throughpu
T+1375s available=3.9GiB | (APIServer pid=1) INFO 09-07 18:45:39 [metrics.py:120] SpecDecoding metrics: Mean acceptance length: 3.67, Accepted throughput: 0.10 tokens/s, Drafted throughpu
T+1377s available=3.9GiB | (APIServer pid=1) INFO 09-07 18:45:39 [metrics.py:120] SpecDecoding metrics: Mean acceptance length: 3.67, Accepted throughput: 0.10 tokens/s, Drafted throughpu
T+1379s available=3.6GiB | (APIServer pid=1) INFO 09-07 18:45:39 [metrics.py:120] SpecDecoding metrics: Mean acceptance length: 3.67, Accepted throughput: 0.10 tokens/s, Drafted throughpu
T+1381s available=3.7GiB | (APIServer pid=1) INFO:     192.168.8.10:52284 - "POST /tokenize HTTP/1.1" 200 OK
T+1383s available=3.7GiB | (APIServer pid=1) INFO:     192.168.8.10:52302 - "POST /tokenize HTTP/1.1" 200 OK
T+1385s available=3.7GiB | (APIServer pid=1) INFO:     192.168.8.10:52328 - "POST /tokenize HTTP/1.1" 200 OK
T+1387s available=3.8GiB | (APIServer pid=1) INFO:     192.168.8.10:47180 - "POST /tokenize HTTP/1.1" 200 OK
T+1389s available=3.7GiB | (APIServer pid=1) INFO:     192.168.8.10:47210 - "POST /tokenize HTTP/1.1" 200 OK
T+1391s available=3.7GiB | (APIServer pid=1) INFO 09-07 18:45:59 [loggers.py:310] Engine 000: Avg prompt throughput: 0.0 tokens/s, Avg generation throughput: 0.0 tokens/s, Running: 0 reqs
T+1393s available=3.7GiB | (APIServer pid=1) INFO 09-07 18:45:59 [loggers.py:310] Engine 000: Avg prompt throughput: 0.0 tokens/s, Avg generation throughput: 0.0 tokens/s, Running: 0 reqs
T+1395s available=3.7GiB | (APIServer pid=1) INFO 09-07 18:45:59 [loggers.py:310] Engine 000: Avg prompt throughput: 0.0 tokens/s, Avg generation throughput: 0.0 tokens/s, Running: 0 reqs
T+1397s available=3.8GiB | (APIServer pid=1) INFO 09-07 18:45:59 [loggers.py:310] Engine 000: Avg prompt throughput: 0.0 tokens/s, Avg generation throughput: 0.0 tokens/s, Running: 0 reqs
T+1399s available=3.8GiB | (APIServer pid=1) INFO 09-07 18:45:59 [loggers.py:310] Engine 000: Avg prompt throughput: 0.0 tokens/s, Avg generation throughput: 0.0 tokens/s, Running: 0 reqs
T+1401s available=3.8GiB | (APIServer pid=1) INFO 09-07 18:45:59 [loggers.py:310] Engine 000: Avg prompt throughput: 0.0 tokens/s, Avg generation throughput: 0.0 tokens/s, Running: 0 reqs
T+1403s available=3.8GiB | (APIServer pid=1) INFO 09-07 18:45:59 [loggers.py:310] Engine 000: Avg prompt throughput: 0.0 tokens/s, Avg generation throughput: 0.0 tokens/s, Running: 0 reqs
T+1406s available=3.8GiB | (APIServer pid=1) INFO 09-07 18:45:59 [loggers.py:310] Engine 000: Avg prompt throughput: 0.0 tokens/s, Avg generation throughput: 0.0 tokens/s, Running: 0 reqs
T+1408s available=3.8GiB | (APIServer pid=1) INFO 09-07 18:45:59 [loggers.py:310] Engine 000: Avg prompt throughput: 0.0 tokens/s, Avg generation throughput: 0.0 tokens/s, Running: 0 reqs
T+1410s available=3.8GiB | (APIServer pid=1) INFO 09-07 18:45:59 [loggers.py:310] Engine 000: Avg prompt throughput: 0.0 tokens/s, Avg generation throughput: 0.0 tokens/s, Running: 0 reqs
T+1412s available=3.8GiB | (APIServer pid=1) INFO 09-07 18:45:59 [loggers.py:310] Engine 000: Avg prompt throughput: 0.0 tokens/s, Avg generation throughput: 0.0 tokens/s, Running: 0 reqs
T+1414s available=3.8GiB | (APIServer pid=1) INFO 09-07 18:45:59 [loggers.py:310] Engine 000: Avg prompt throughput: 0.0 tokens/s, Avg generation throughput: 0.0 tokens/s, Running: 0 reqs
T+1416s available=3.8GiB | (APIServer pid=1) INFO 09-07 18:45:59 [loggers.py:310] Engine 000: Avg prompt throughput: 0.0 tokens/s, Avg generation throughput: 0.0 tokens/s, Running: 0 reqs
T+1418s available=3.8GiB | (APIServer pid=1) INFO 09-07 18:45:59 [loggers.py:310] Engine 000: Avg prompt throughput: 0.0 tokens/s, Avg generation throughput: 0.0 tokens/s, Running: 0 reqs
T+1420s available=3.8GiB | (APIServer pid=1) INFO 09-07 18:45:59 [loggers.py:310] Engine 000: Avg prompt throughput: 0.0 tokens/s, Avg generation throughput: 0.0 tokens/s, Running: 0 reqs
T+1422s available=3.8GiB | (APIServer pid=1) INFO 09-07 18:45:59 [loggers.py:310] Engine 000: Avg prompt throughput: 0.0 tokens/s, Avg generation throughput: 0.0 tokens/s, Running: 0 reqs
T+1424s available=3.8GiB | (APIServer pid=1) INFO 09-07 18:45:59 [loggers.py:310] Engine 000: Avg prompt throughput: 0.0 tokens/s, Avg generation throughput: 0.0 tokens/s, Running: 0 reqs
T+1426s available=4.6GiB | (APIServer pid=1) INFO 09-07 18:45:59 [loggers.py:310] Engine 000: Avg prompt throughput: 0.0 tokens/s, Avg generation throughput: 0.0 tokens/s, Running: 0 reqs
T+1428s available=4.6GiB | (APIServer pid=1) INFO 09-07 18:45:59 [loggers.py:310] Engine 000: Avg prompt throughput: 0.0 tokens/s, Avg generation throughput: 0.0 tokens/s, Running: 0 reqs
T+1430s available=4.6GiB | (APIServer pid=1) INFO 09-07 18:45:59 [loggers.py:310] Engine 000: Avg prompt throughput: 0.0 tokens/s, Avg generation throughput: 0.0 tokens/s, Running: 0 reqs
T+1432s available=4.6GiB | (APIServer pid=1) INFO 09-07 18:45:59 [loggers.py:310] Engine 000: Avg prompt throughput: 0.0 tokens/s, Avg generation throughput: 0.0 tokens/s, Running: 0 reqs
T+1434s available=4.6GiB | (APIServer pid=1) INFO 09-07 18:45:59 [loggers.py:310] Engine 000: Avg prompt throughput: 0.0 tokens/s, Avg generation throughput: 0.0 tokens/s, Running: 0 reqs
T+1436s available=4.6GiB | (APIServer pid=1) INFO 09-07 18:45:59 [loggers.py:310] Engine 000: Avg prompt throughput: 0.0 tokens/s, Avg generation throughput: 0.0 tokens/s, Running: 0 reqs
T+1438s available=4.6GiB | (APIServer pid=1) INFO 09-07 18:45:59 [loggers.py:310] Engine 000: Avg prompt throughput: 0.0 tokens/s, Avg generation throughput: 0.0 tokens/s, Running: 0 reqs
T+1440s available=4.6GiB | (APIServer pid=1) INFO 09-07 18:45:59 [loggers.py:310] Engine 000: Avg prompt throughput: 0.0 tokens/s, Avg generation throughput: 0.0 tokens/s, Running: 0 reqs
T+1442s available=4.6GiB | (APIServer pid=1) INFO 09-07 18:45:59 [loggers.py:310] Engine 000: Avg prompt throughput: 0.0 tokens/s, Avg generation throughput: 0.0 tokens/s, Running: 0 reqs
T+1445s available=4.6GiB | (APIServer pid=1) INFO 09-07 18:45:59 [loggers.py:310] Engine 000: Avg prompt throughput: 0.0 tokens/s, Avg generation throughput: 0.0 tokens/s, Running: 0 reqs
T+1447s available=4.6GiB | (APIServer pid=1) INFO 09-07 18:45:59 [loggers.py:310] Engine 000: Avg prompt throughput: 0.0 tokens/s, Avg generation throughput: 0.0 tokens/s, Running: 0 reqs
T+1449s available=4.6GiB | (APIServer pid=1) INFO 09-07 18:45:59 [loggers.py:310] Engine 000: Avg prompt throughput: 0.0 tokens/s, Avg generation throughput: 0.0 tokens/s, Running: 0 reqs
T+1451s available=4.6GiB | (APIServer pid=1) INFO 09-07 18:45:59 [loggers.py:310] Engine 000: Avg prompt throughput: 0.0 tokens/s, Avg generation throughput: 0.0 tokens/s, Running: 0 reqs
T+1453s available=4.6GiB | (APIServer pid=1) INFO 09-07 18:45:59 [loggers.py:310] Engine 000: Avg prompt throughput: 0.0 tokens/s, Avg generation throughput: 0.0 tokens/s, Running: 0 reqs
T+1455s available=4.5GiB | (APIServer pid=1) INFO 09-07 18:45:59 [loggers.py:310] Engine 000: Avg prompt throughput: 0.0 tokens/s, Avg generation throughput: 0.0 tokens/s, Running: 0 reqs
T+1457s available=4.5GiB | (APIServer pid=1) INFO 09-07 18:45:59 [loggers.py:310] Engine 000: Avg prompt throughput: 0.0 tokens/s, Avg generation throughput: 0.0 tokens/s, Running: 0 reqs
T+1459s available=4.5GiB | (APIServer pid=1) INFO 09-07 18:45:59 [loggers.py:310] Engine 000: Avg prompt throughput: 0.0 tokens/s, Avg generation throughput: 0.0 tokens/s, Running: 0 reqs
T+1461s available=4.6GiB | (APIServer pid=1) INFO 09-07 18:45:59 [loggers.py:310] Engine 000: Avg prompt throughput: 0.0 tokens/s, Avg generation throughput: 0.0 tokens/s, Running: 0 reqs
T+1463s available=4.6GiB | (APIServer pid=1) INFO 09-07 18:45:59 [loggers.py:310] Engine 000: Avg prompt throughput: 0.0 tokens/s, Avg generation throughput: 0.0 tokens/s, Running: 0 reqs
T+1465s available=4.6GiB | (APIServer pid=1) INFO 09-07 18:45:59 [loggers.py:310] Engine 000: Avg prompt throughput: 0.0 tokens/s, Avg generation throughput: 0.0 tokens/s, Running: 0 reqs
T+1467s available=4.6GiB | (APIServer pid=1) INFO 09-07 18:45:59 [loggers.py:310] Engine 000: Avg prompt throughput: 0.0 tokens/s, Avg generation throughput: 0.0 tokens/s, Running: 0 reqs
T+1469s available=4.6GiB | (APIServer pid=1) INFO 09-07 18:45:59 [loggers.py:310] Engine 000: Avg prompt throughput: 0.0 tokens/s, Avg generation throughput: 0.0 tokens/s, Running: 0 reqs
T+1471s available=4.6GiB | (APIServer pid=1) INFO 09-07 18:45:59 [loggers.py:310] Engine 000: Avg prompt throughput: 0.0 tokens/s, Avg generation throughput: 0.0 tokens/s, Running: 0 reqs
T+1473s available=4.6GiB | (APIServer pid=1) INFO 09-07 18:45:59 [loggers.py:310] Engine 000: Avg prompt throughput: 0.0 tokens/s, Avg generation throughput: 0.0 tokens/s, Running: 0 reqs
T+1475s available=4.6GiB | (APIServer pid=1) INFO 09-07 18:45:59 [loggers.py:310] Engine 000: Avg prompt throughput: 0.0 tokens/s, Avg generation throughput: 0.0 tokens/s, Running: 0 reqs
T+1477s available=4.6GiB | (APIServer pid=1) INFO 09-07 18:45:59 [loggers.py:310] Engine 000: Avg prompt throughput: 0.0 tokens/s, Avg generation throughput: 0.0 tokens/s, Running: 0 reqs
T+1479s available=4.5GiB | (APIServer pid=1) INFO 09-07 18:45:59 [loggers.py:310] Engine 000: Avg prompt throughput: 0.0 tokens/s, Avg generation throughput: 0.0 tokens/s, Running: 0 reqs
T+1481s available=4.6GiB | (APIServer pid=1) INFO 09-07 18:45:59 [loggers.py:310] Engine 000: Avg prompt throughput: 0.0 tokens/s, Avg generation throughput: 0.0 tokens/s, Running: 0 reqs
T+1483s available=4.6GiB | (APIServer pid=1) INFO 09-07 18:45:59 [loggers.py:310] Engine 000: Avg prompt throughput: 0.0 tokens/s, Avg generation throughput: 0.0 tokens/s, Running: 0 reqs
T+1486s available=4.6GiB | (APIServer pid=1) INFO 09-07 18:45:59 [loggers.py:310] Engine 000: Avg prompt throughput: 0.0 tokens/s, Avg generation throughput: 0.0 tokens/s, Running: 0 reqs
T+1488s available=4.6GiB | (APIServer pid=1) INFO 09-07 18:45:59 [loggers.py:310] Engine 000: Avg prompt throughput: 0.0 tokens/s, Avg generation throughput: 0.0 tokens/s, Running: 0 reqs
T+1490s available=4.6GiB | (APIServer pid=1) INFO 09-07 18:45:59 [loggers.py:310] Engine 000: Avg prompt throughput: 0.0 tokens/s, Avg generation throughput: 0.0 tokens/s, Running: 0 reqs
T+1492s available=4.5GiB | (APIServer pid=1) INFO 09-07 18:47:39 [metrics.py:120] SpecDecoding metrics: Mean acceptance length: 3.16, Accepted throughput: 1.24 tokens/s, Drafted throughpu
T+1494s available=4.5GiB | (APIServer pid=1) INFO 09-07 18:47:39 [metrics.py:120] SpecDecoding metrics: Mean acceptance length: 3.16, Accepted throughput: 1.24 tokens/s, Drafted throughpu
T+1496s available=4.5GiB | (APIServer pid=1) INFO 09-07 18:47:39 [metrics.py:120] SpecDecoding metrics: Mean acceptance length: 3.16, Accepted throughput: 1.24 tokens/s, Drafted throughpu
T+1498s available=4.6GiB | (APIServer pid=1) INFO 09-07 18:47:39 [metrics.py:120] SpecDecoding metrics: Mean acceptance length: 3.16, Accepted throughput: 1.24 tokens/s, Drafted throughpu
T+1500s available=4.6GiB | (APIServer pid=1) INFO 09-07 18:47:39 [metrics.py:120] SpecDecoding metrics: Mean acceptance length: 3.16, Accepted throughput: 1.24 tokens/s, Drafted throughpu
T+1502s available=4.6GiB | (APIServer pid=1) INFO 09-07 18:47:49 [metrics.py:120] SpecDecoding metrics: Mean acceptance length: 3.06, Accepted throughput: 25.10 tokens/s, Drafted throughp
T+1504s available=4.6GiB | (APIServer pid=1) INFO 09-07 18:47:49 [metrics.py:120] SpecDecoding metrics: Mean acceptance length: 3.06, Accepted throughput: 25.10 tokens/s, Drafted throughp
T+1506s available=4.6GiB | (APIServer pid=1) INFO 09-07 18:47:49 [metrics.py:120] SpecDecoding metrics: Mean acceptance length: 3.06, Accepted throughput: 25.10 tokens/s, Drafted throughp
T+1508s available=4.6GiB | (APIServer pid=1) INFO 09-07 18:47:49 [metrics.py:120] SpecDecoding metrics: Mean acceptance length: 3.06, Accepted throughput: 25.10 tokens/s, Drafted throughp
T+1510s available=4.6GiB | (APIServer pid=1) INFO 09-07 18:47:59 [loggers.py:310] Engine 000: Avg prompt throughput: 0.0 tokens/s, Avg generation throughput: 0.0 tokens/s, Running: 0 reqs
T+1512s available=4.6GiB | (APIServer pid=1) INFO 09-07 18:47:59 [loggers.py:310] Engine 000: Avg prompt throughput: 0.0 tokens/s, Avg generation throughput: 0.0 tokens/s, Running: 0 reqs
T+1514s available=4.6GiB | (APIServer pid=1) INFO 09-07 18:47:59 [loggers.py:310] Engine 000: Avg prompt throughput: 0.0 tokens/s, Avg generation throughput: 0.0 tokens/s, Running: 0 reqs
T+1516s available=4.6GiB | (APIServer pid=1) INFO 09-07 18:47:59 [loggers.py:310] Engine 000: Avg prompt throughput: 0.0 tokens/s, Avg generation throughput: 0.0 tokens/s, Running: 0 reqs
T+1518s available=4.6GiB | (APIServer pid=1) INFO 09-07 18:47:59 [loggers.py:310] Engine 000: Avg prompt throughput: 0.0 tokens/s, Avg generation throughput: 0.0 tokens/s, Running: 0 reqs
T+1520s available=4.6GiB | (APIServer pid=1) INFO 09-07 18:47:59 [loggers.py:310] Engine 000: Avg prompt throughput: 0.0 tokens/s, Avg generation throughput: 0.0 tokens/s, Running: 0 reqs
T+1522s available=4.6GiB | (APIServer pid=1) INFO 09-07 18:47:59 [loggers.py:310] Engine 000: Avg prompt throughput: 0.0 tokens/s, Avg generation throughput: 0.0 tokens/s, Running: 0 reqs
T+1524s available=4.6GiB | (APIServer pid=1) INFO 09-07 18:47:59 [loggers.py:310] Engine 000: Avg prompt throughput: 0.0 tokens/s, Avg generation throughput: 0.0 tokens/s, Running: 0 reqs
T+1526s available=4.6GiB | (APIServer pid=1) INFO 09-07 18:47:59 [loggers.py:310] Engine 000: Avg prompt throughput: 0.0 tokens/s, Avg generation throughput: 0.0 tokens/s, Running: 0 reqs
T+1528s available=4.6GiB | (APIServer pid=1) INFO 09-07 18:47:59 [loggers.py:310] Engine 000: Avg prompt throughput: 0.0 tokens/s, Avg generation throughput: 0.0 tokens/s, Running: 0 reqs
T+1530s available=4.6GiB | (APIServer pid=1) INFO 09-07 18:47:59 [loggers.py:310] Engine 000: Avg prompt throughput: 0.0 tokens/s, Avg generation throughput: 0.0 tokens/s, Running: 0 reqs
T+1532s available=4.6GiB | (APIServer pid=1) INFO 09-07 18:47:59 [loggers.py:310] Engine 000: Avg prompt throughput: 0.0 tokens/s, Avg generation throughput: 0.0 tokens/s, Running: 0 reqs
T+1535s available=4.6GiB | (APIServer pid=1) INFO 09-07 18:47:59 [loggers.py:310] Engine 000: Avg prompt throughput: 0.0 tokens/s, Avg generation throughput: 0.0 tokens/s, Running: 0 reqs
T+1537s available=4.6GiB | (APIServer pid=1) INFO 09-07 18:47:59 [loggers.py:310] Engine 000: Avg prompt throughput: 0.0 tokens/s, Avg generation throughput: 0.0 tokens/s, Running: 0 reqs
T+1539s available=4.6GiB | (APIServer pid=1) INFO 09-07 18:47:59 [loggers.py:310] Engine 000: Avg prompt throughput: 0.0 tokens/s, Avg generation throughput: 0.0 tokens/s, Running: 0 reqs
T+1541s available=4.6GiB | (APIServer pid=1) INFO 09-07 18:47:59 [loggers.py:310] Engine 000: Avg prompt throughput: 0.0 tokens/s, Avg generation throughput: 0.0 tokens/s, Running: 0 reqs
T+1543s available=4.6GiB | (APIServer pid=1) INFO 09-07 18:47:59 [loggers.py:310] Engine 000: Avg prompt throughput: 0.0 tokens/s, Avg generation throughput: 0.0 tokens/s, Running: 0 reqs
T+1545s available=4.6GiB | (APIServer pid=1) INFO 09-07 18:47:59 [loggers.py:310] Engine 000: Avg prompt throughput: 0.0 tokens/s, Avg generation throughput: 0.0 tokens/s, Running: 0 reqs
T+1547s available=4.6GiB | (APIServer pid=1) INFO 09-07 18:47:59 [loggers.py:310] Engine 000: Avg prompt throughput: 0.0 tokens/s, Avg generation throughput: 0.0 tokens/s, Running: 0 reqs
T+1549s available=4.6GiB | (APIServer pid=1) INFO 09-07 18:47:59 [loggers.py:310] Engine 000: Avg prompt throughput: 0.0 tokens/s, Avg generation throughput: 0.0 tokens/s, Running: 0 reqs
T+1551s available=4.6GiB | (APIServer pid=1) INFO 09-07 18:47:59 [loggers.py:310] Engine 000: Avg prompt throughput: 0.0 tokens/s, Avg generation throughput: 0.0 tokens/s, Running: 0 reqs
T+1553s available=4.6GiB | (APIServer pid=1) INFO 09-07 18:47:59 [loggers.py:310] Engine 000: Avg prompt throughput: 0.0 tokens/s, Avg generation throughput: 0.0 tokens/s, Running: 0 reqs
T+1555s available=4.6GiB | (APIServer pid=1) INFO 09-07 18:47:59 [loggers.py:310] Engine 000: Avg prompt throughput: 0.0 tokens/s, Avg generation throughput: 0.0 tokens/s, Running: 0 reqs
T+1557s available=4.6GiB | (APIServer pid=1) INFO 09-07 18:47:59 [loggers.py:310] Engine 000: Avg prompt throughput: 0.0 tokens/s, Avg generation throughput: 0.0 tokens/s, Running: 0 reqs
T+1559s available=4.6GiB | (APIServer pid=1) INFO 09-07 18:47:59 [loggers.py:310] Engine 000: Avg prompt throughput: 0.0 tokens/s, Avg generation throughput: 0.0 tokens/s, Running: 0 reqs
T+1561s available=4.6GiB | (APIServer pid=1) INFO 09-07 18:47:59 [loggers.py:310] Engine 000: Avg prompt throughput: 0.0 tokens/s, Avg generation throughput: 0.0 tokens/s, Running: 0 reqs
T+1563s available=4.6GiB | (APIServer pid=1) INFO 09-07 18:47:59 [loggers.py:310] Engine 000: Avg prompt throughput: 0.0 tokens/s, Avg generation throughput: 0.0 tokens/s, Running: 0 reqs
T+1565s available=4.6GiB | (APIServer pid=1) INFO 09-07 18:47:59 [loggers.py:310] Engine 000: Avg prompt throughput: 0.0 tokens/s, Avg generation throughput: 0.0 tokens/s, Running: 0 reqs
T+1567s available=4.6GiB | (APIServer pid=1) INFO 09-07 18:47:59 [loggers.py:310] Engine 000: Avg prompt throughput: 0.0 tokens/s, Avg generation throughput: 0.0 tokens/s, Running: 0 reqs
T+1569s available=4.6GiB | (APIServer pid=1) INFO 09-07 18:47:59 [loggers.py:310] Engine 000: Avg prompt throughput: 0.0 tokens/s, Avg generation throughput: 0.0 tokens/s, Running: 0 reqs
T+1571s available=4.6GiB | (APIServer pid=1) INFO:     192.168.8.30:61666 - "GET /v1/models HTTP/1.1" 200 OK
T+1573s available=4.6GiB | (APIServer pid=1) INFO:     192.168.8.30:61666 - "GET /v1/models HTTP/1.1" 200 OK
T+1575s available=4.6GiB | (APIServer pid=1) INFO:     192.168.8.30:61666 - "GET /v1/models HTTP/1.1" 200 OK
T+1577s available=4.6GiB | (APIServer pid=1) INFO:     192.168.8.30:61666 - "GET /v1/models HTTP/1.1" 200 OK
T+1579s available=4.6GiB | (APIServer pid=1) INFO:     192.168.8.30:61666 - "GET /v1/models HTTP/1.1" 200 OK
T+1581s available=4.6GiB | (APIServer pid=1) INFO:     192.168.8.30:61666 - "GET /v1/models HTTP/1.1" 200 OK
T+1583s available=4.6GiB | (APIServer pid=1) INFO:     192.168.8.30:61666 - "GET /v1/models HTTP/1.1" 200 OK
T+1585s available=4.6GiB | (APIServer pid=1) INFO:     192.168.8.30:61666 - "GET /v1/models HTTP/1.1" 200 OK
T+1587s available=4.5GiB | (APIServer pid=1) INFO:     192.168.8.30:61666 - "GET /v1/models HTTP/1.1" 200 OK
T+1590s available=4.5GiB | (APIServer pid=1) INFO:     192.168.8.30:61660 - "POST /v1/chat/completions HTTP/1.1" 200 OK
T+1592s available=4.6GiB | (APIServer pid=1) INFO:     192.168.8.30:61648 - "POST /v1/chat/completions HTTP/1.1" 200 OK
T+1594s available=4.6GiB | (APIServer pid=1) INFO:     192.168.8.30:61670 - "POST /v1/chat/completions HTTP/1.1" 200 OK
T+1596s available=4.6GiB | (APIServer pid=1) INFO:     192.168.8.30:61634 - "POST /v1/chat/completions HTTP/1.1" 200 OK
T+1598s available=4.6GiB | (APIServer pid=1) INFO:     192.168.8.30:61628 - "POST /v1/chat/completions HTTP/1.1" 200 OK
T+1600s available=4.6GiB | (APIServer pid=1) INFO:     192.168.8.30:61648 - "POST /v1/chat/completions HTTP/1.1" 200 OK
T+1602s available=4.6GiB | (APIServer pid=1) INFO:     192.168.8.30:61634 - "POST /v1/chat/completions HTTP/1.1" 200 OK
T+1604s available=4.6GiB | (APIServer pid=1) INFO:     192.168.8.30:61634 - "POST /v1/chat/completions HTTP/1.1" 200 OK
T+1606s available=4.6GiB | (APIServer pid=1) INFO:     192.168.8.30:61628 - "POST /v1/chat/completions HTTP/1.1" 200 OK
T+1608s available=4.6GiB | (APIServer pid=1) INFO:     192.168.8.30:61660 - "POST /v1/chat/completions HTTP/1.1" 200 OK
T+1610s available=4.6GiB | (APIServer pid=1) INFO:     192.168.8.30:61648 - "POST /v1/chat/completions HTTP/1.1" 200 OK
T+1612s available=4.6GiB | (APIServer pid=1) INFO:     192.168.8.30:61648 - "POST /v1/chat/completions HTTP/1.1" 200 OK
T+1614s available=4.6GiB | (APIServer pid=1) INFO:     192.168.8.30:61648 - "POST /v1/chat/completions HTTP/1.1" 200 OK
T+1616s available=4.6GiB | (APIServer pid=1) INFO:     192.168.8.30:61634 - "POST /v1/chat/completions HTTP/1.1" 200 OK
T+1618s available=4.6GiB | (APIServer pid=1) INFO:     192.168.8.30:61628 - "POST /v1/chat/completions HTTP/1.1" 200 OK
T+1620s available=4.6GiB | (APIServer pid=1) INFO 09-07 18:49:49 [metrics.py:120] SpecDecoding metrics: Mean acceptance length: 2.83, Accepted throughput: 49.30 tokens/s, Drafted throughp
T+1622s available=4.6GiB | (APIServer pid=1) INFO:     192.168.8.30:61648 - "POST /v1/chat/completions HTTP/1.1" 200 OK
T+1625s available=4.6GiB | (APIServer pid=1) INFO:     192.168.8.30:61648 - "POST /v1/chat/completions HTTP/1.1" 200 OK
T+1627s available=4.6GiB | (APIServer pid=1) INFO:     192.168.8.30:61634 - "POST /v1/chat/completions HTTP/1.1" 200 OK
T+1629s available=4.6GiB | (APIServer pid=1) INFO:     192.168.8.30:61628 - "POST /v1/chat/completions HTTP/1.1" 200 OK
T+1631s available=4.5GiB | (APIServer pid=1) INFO 09-07 18:49:59 [metrics.py:120] SpecDecoding metrics: Mean acceptance length: 2.97, Accepted throughput: 49.90 tokens/s, Drafted throughp
T+1633s available=4.5GiB | (APIServer pid=1) INFO:     192.168.8.30:61660 - "POST /v1/chat/completions HTTP/1.1" 200 OK
T+1635s available=4.6GiB | (APIServer pid=1) INFO:     192.168.8.30:61660 - "POST /v1/chat/completions HTTP/1.1" 200 OK
T+1637s available=4.6GiB | (APIServer pid=1) INFO:     192.168.8.30:61628 - "POST /v1/chat/completions HTTP/1.1" 200 OK
T+1639s available=4.6GiB | (APIServer pid=1) INFO:     192.168.8.30:61634 - "POST /v1/chat/completions HTTP/1.1" 200 OK
T+1641s available=4.6GiB | (APIServer pid=1) INFO 09-07 18:50:09 [metrics.py:120] SpecDecoding metrics: Mean acceptance length: 2.88, Accepted throughput: 36.10 tokens/s, Drafted throughp
T+1643s available=4.6GiB | (APIServer pid=1) INFO:     192.168.8.30:61670 - "POST /v1/chat/completions HTTP/1.1" 200 OK
T+1645s available=4.6GiB | (APIServer pid=1) INFO:     192.168.8.30:61670 - "POST /v1/chat/completions HTTP/1.1" 200 OK
T+1647s available=4.6GiB | (APIServer pid=1) INFO:     192.168.8.30:61670 - "POST /v1/chat/completions HTTP/1.1" 200 OK
T+1649s available=4.6GiB | (APIServer pid=1) INFO:     192.168.8.30:61670 - "POST /v1/chat/completions HTTP/1.1" 200 OK
T+1651s available=4.6GiB | (APIServer pid=1) INFO 09-07 18:50:19 [metrics.py:120] SpecDecoding metrics: Mean acceptance length: 3.26, Accepted throughput: 49.20 tokens/s, Drafted throughp
T+1653s available=4.6GiB | (APIServer pid=1) INFO 09-07 18:50:19 [metrics.py:120] SpecDecoding metrics: Mean acceptance length: 3.26, Accepted throughput: 49.20 tokens/s, Drafted throughp
T+1655s available=4.6GiB | (APIServer pid=1) INFO:     192.168.8.30:61628 - "POST /v1/chat/completions HTTP/1.1" 200 OK
T+1657s available=4.6GiB | (APIServer pid=1) INFO:     192.168.8.30:61648 - "POST /v1/chat/completions HTTP/1.1" 200 OK
T+1660s available=4.6GiB | (APIServer pid=1) INFO:     192.168.8.30:61648 - "POST /v1/chat/completions HTTP/1.1" 200 OK
T+1662s available=4.6GiB | (APIServer pid=1) INFO 09-07 18:50:29 [metrics.py:120] SpecDecoding metrics: Mean acceptance length: 2.87, Accepted throughput: 35.10 tokens/s, Drafted throughp
T+1664s available=4.6GiB | (APIServer pid=1) INFO 09-07 18:50:29 [metrics.py:120] SpecDecoding metrics: Mean acceptance length: 2.87, Accepted throughput: 35.10 tokens/s, Drafted throughp
T+1666s available=4.6GiB | (APIServer pid=1) INFO:     192.168.8.30:61628 - "POST /v1/chat/completions HTTP/1.1" 200 OK
T+1668s available=4.5GiB | (APIServer pid=1) INFO:     192.168.8.30:61628 - "POST /v1/chat/completions HTTP/1.1" 200 OK
T+1670s available=4.6GiB | (APIServer pid=1) INFO:     192.168.8.30:61628 - "POST /v1/chat/completions HTTP/1.1" 200 OK
T+1672s available=4.5GiB | (APIServer pid=1) INFO:     192.168.8.30:61628 - "POST /v1/chat/completions HTTP/1.1" 200 OK
T+1674s available=4.6GiB | (APIServer pid=1) INFO:     192.168.8.30:61628 - "POST /v1/chat/completions HTTP/1.1" 200 OK
T+1676s available=4.5GiB | (APIServer pid=1) INFO:     192.168.8.30:61628 - "POST /v1/chat/completions HTTP/1.1" 200 OK
T+1678s available=4.6GiB | (APIServer pid=1) INFO:     192.168.8.30:61660 - "POST /v1/chat/completions HTTP/1.1" 200 OK
T+1680s available=4.6GiB | (APIServer pid=1) INFO 09-07 18:50:49 [metrics.py:120] SpecDecoding metrics: Mean acceptance length: 2.89, Accepted throughput: 76.49 tokens/s, Drafted throughp
T+1682s available=4.6GiB | (APIServer pid=1) INFO:     192.168.8.30:61670 - "POST /v1/chat/completions HTTP/1.1" 200 OK
T+1684s available=4.6GiB | (APIServer pid=1) INFO:     192.168.8.30:61670 - "POST /v1/chat/completions HTTP/1.1" 200 OK
T+1686s available=4.6GiB | (APIServer pid=1) INFO:     192.168.8.30:61660 - "POST /v1/chat/completions HTTP/1.1" 200 OK
T+1688s available=4.5GiB | (APIServer pid=1) INFO:     192.168.8.30:61660 - "POST /v1/chat/completions HTTP/1.1" 200 OK
T+1690s available=4.6GiB | (APIServer pid=1) INFO 09-07 18:50:59 [metrics.py:120] SpecDecoding metrics: Mean acceptance length: 3.05, Accepted throughput: 61.10 tokens/s, Drafted throughp
T+1693s available=4.6GiB | (APIServer pid=1) INFO:     192.168.8.30:61670 - "POST /v1/chat/completions HTTP/1.1" 200 OK
T+1695s available=4.6GiB | (APIServer pid=1) INFO:     192.168.8.30:61670 - "POST /v1/chat/completions HTTP/1.1" 200 OK
T+1697s available=4.6GiB | (APIServer pid=1) INFO:     192.168.8.30:61628 - "POST /v1/chat/completions HTTP/1.1" 200 OK
T+1699s available=4.6GiB | (APIServer pid=1) INFO:     192.168.8.30:61648 - "POST /v1/chat/completions HTTP/1.1" 200 OK
T+1701s available=4.5GiB | (APIServer pid=1) INFO 09-07 18:51:09 [metrics.py:120] SpecDecoding metrics: Mean acceptance length: 2.78, Accepted throughput: 57.50 tokens/s, Drafted throughp
T+1703s available=4.6GiB | (APIServer pid=1) INFO 09-07 18:51:09 [metrics.py:120] SpecDecoding metrics: Mean acceptance length: 2.78, Accepted throughput: 57.50 tokens/s, Drafted throughp
T+1705s available=4.6GiB | (APIServer pid=1) INFO:     192.168.8.30:61648 - "POST /v1/chat/completions HTTP/1.1" 200 OK
T+1707s available=4.5GiB | (APIServer pid=1) INFO:     192.168.8.30:61648 - "POST /v1/chat/completions HTTP/1.1" 200 OK
T+1709s available=4.5GiB | (APIServer pid=1) INFO:     192.168.8.30:61660 - "POST /v1/chat/completions HTTP/1.1" 200 OK
T+1711s available=4.6GiB | (APIServer pid=1) INFO:     192.168.8.30:61670 - "POST /v1/chat/completions HTTP/1.1" 200 OK
T+1713s available=4.5GiB | (APIServer pid=1) INFO:     192.168.8.30:61670 - "POST /v1/chat/completions HTTP/1.1" 200 OK
T+1715s available=4.5GiB | (APIServer pid=1) INFO:     192.168.8.30:61670 - "POST /v1/chat/completions HTTP/1.1" 200 OK
T+1717s available=4.5GiB | (APIServer pid=1) INFO:     192.168.8.30:61670 - "POST /v1/chat/completions HTTP/1.1" 200 OK
T+1719s available=4.5GiB | (APIServer pid=1) INFO:     192.168.8.30:61648 - "POST /v1/chat/completions HTTP/1.1" 200 OK
T+1721s available=4.6GiB | (APIServer pid=1) INFO 09-07 18:51:29 [metrics.py:120] SpecDecoding metrics: Mean acceptance length: 2.86, Accepted throughput: 67.29 tokens/s, Drafted throughp
T+1723s available=4.6GiB | (APIServer pid=1) INFO 09-07 18:51:29 [metrics.py:120] SpecDecoding metrics: Mean acceptance length: 2.86, Accepted throughput: 67.29 tokens/s, Drafted throughp
T+1726s available=4.6GiB | (APIServer pid=1) INFO 09-07 18:51:29 [metrics.py:120] SpecDecoding metrics: Mean acceptance length: 2.86, Accepted throughput: 67.29 tokens/s, Drafted throughp
T+1728s available=4.6GiB | (APIServer pid=1) INFO 09-07 18:51:29 [metrics.py:120] SpecDecoding metrics: Mean acceptance length: 2.86, Accepted throughput: 67.29 tokens/s, Drafted throughp
T+1730s available=4.6GiB | (APIServer pid=1) INFO 09-07 18:51:29 [metrics.py:120] SpecDecoding metrics: Mean acceptance length: 2.86, Accepted throughput: 67.29 tokens/s, Drafted throughp
T+1732s available=4.6GiB | (APIServer pid=1) INFO:     192.168.8.30:61634 - "POST /v1/chat/completions HTTP/1.1" 200 OK
T+1734s available=4.5GiB | (APIServer pid=1) INFO:     192.168.8.30:61634 - "POST /v1/chat/completions HTTP/1.1" 200 OK
T+1736s available=4.5GiB | (APIServer pid=1) INFO:     192.168.8.30:61634 - "POST /v1/chat/completions HTTP/1.1" 200 OK
T+1738s available=4.5GiB | (APIServer pid=1) INFO:     192.168.8.30:61634 - "POST /v1/chat/completions HTTP/1.1" 200 OK
T+1740s available=4.5GiB | (APIServer pid=1) INFO 09-07 18:51:49 [metrics.py:120] SpecDecoding metrics: Mean acceptance length: 2.49, Accepted throughput: 62.70 tokens/s, Drafted throughp
T+1742s available=4.5GiB | (APIServer pid=1) INFO 09-07 18:51:49 [metrics.py:120] SpecDecoding metrics: Mean acceptance length: 2.49, Accepted throughput: 62.70 tokens/s, Drafted throughp
T+1744s available=4.5GiB | (APIServer pid=1) INFO 09-07 18:51:49 [metrics.py:120] SpecDecoding metrics: Mean acceptance length: 2.49, Accepted throughput: 62.70 tokens/s, Drafted throughp
T+1746s available=4.5GiB | (APIServer pid=1) INFO 09-07 18:51:49 [metrics.py:120] SpecDecoding metrics: Mean acceptance length: 2.49, Accepted throughput: 62.70 tokens/s, Drafted throughp
T+1748s available=4.6GiB | (APIServer pid=1) INFO:     192.168.8.30:61634 - "POST /v1/chat/completions HTTP/1.1" 200 OK
T+1750s available=4.6GiB | (APIServer pid=1) INFO 09-07 18:51:59 [metrics.py:120] SpecDecoding metrics: Mean acceptance length: 2.81, Accepted throughput: 86.48 tokens/s, Drafted throughp
T+1752s available=4.5GiB | (APIServer pid=1) INFO:     192.168.8.30:61660 - "POST /v1/chat/completions HTTP/1.1" 200 OK
T+1754s available=4.5GiB | (APIServer pid=1) INFO:     192.168.8.30:61660 - "POST /v1/chat/completions HTTP/1.1" 200 OK
T+1756s available=4.5GiB | (APIServer pid=1) INFO:     192.168.8.30:61628 - "POST /v1/chat/completions HTTP/1.1" 200 OK
T+1759s available=4.6GiB | (APIServer pid=1) INFO:     192.168.8.30:61628 - "POST /v1/chat/completions HTTP/1.1" 200 OK
T+1761s available=4.6GiB | (APIServer pid=1) INFO:     192.168.8.30:61670 - "POST /v1/chat/completions HTTP/1.1" 200 OK
T+1763s available=4.6GiB | (APIServer pid=1) INFO:     192.168.8.30:61648 - "POST /v1/chat/completions HTTP/1.1" 200 OK
T+1765s available=4.5GiB | (APIServer pid=1) INFO:     192.168.8.30:61648 - "POST /v1/chat/completions HTTP/1.1" 200 OK
T+1767s available=4.5GiB | (APIServer pid=1) INFO:     192.168.8.30:61648 - "POST /v1/chat/completions HTTP/1.1" 200 OK
T+1769s available=4.5GiB | (APIServer pid=1) INFO:     192.168.8.30:61648 - "POST /v1/chat/completions HTTP/1.1" 200 OK
T+1771s available=4.6GiB | (APIServer pid=1) INFO 09-07 18:52:19 [metrics.py:120] SpecDecoding metrics: Mean acceptance length: 2.46, Accepted throughput: 46.10 tokens/s, Drafted throughp
T+1773s available=4.6GiB | (APIServer pid=1) INFO 09-07 18:52:19 [metrics.py:120] SpecDecoding metrics: Mean acceptance length: 2.46, Accepted throughput: 46.10 tokens/s, Drafted throughp
T+1775s available=4.5GiB | (APIServer pid=1) INFO:     192.168.8.30:61628 - "POST /v1/chat/completions HTTP/1.1" 200 OK
T+1777s available=4.6GiB | (APIServer pid=1) INFO:     192.168.8.30:61628 - "POST /v1/chat/completions HTTP/1.1" 200 OK
T+1779s available=4.6GiB | (APIServer pid=1) INFO:     192.168.8.30:61670 - "POST /v1/chat/completions HTTP/1.1" 200 OK
T+1781s available=4.6GiB | (APIServer pid=1) INFO 09-07 18:52:29 [metrics.py:120] SpecDecoding metrics: Mean acceptance length: 2.71, Accepted throughput: 57.99 tokens/s, Drafted throughp
T+1783s available=4.6GiB | (APIServer pid=1) INFO:     192.168.8.30:61670 - "POST /v1/chat/completions HTTP/1.1" 200 OK
T+1785s available=4.6GiB | (APIServer pid=1) INFO:     192.168.8.30:61670 - "POST /v1/chat/completions HTTP/1.1" 200 OK
T+1787s available=4.5GiB | (APIServer pid=1) INFO:     192.168.8.30:61660 - "POST /v1/chat/completions HTTP/1.1" 200 OK
T+1789s available=4.5GiB | (APIServer pid=1) INFO:     192.168.8.30:61628 - "POST /v1/chat/completions HTTP/1.1" 200 OK
T+1791s available=4.6GiB | (APIServer pid=1) INFO:     192.168.8.30:61634 - "POST /v1/chat/completions HTTP/1.1" 200 OK
T+1794s available=4.6GiB | (APIServer pid=1) INFO:     192.168.8.30:61634 - "POST /v1/chat/completions HTTP/1.1" 200 OK
T+1796s available=4.6GiB | (APIServer pid=1) INFO:     192.168.8.30:61634 - "POST /v1/chat/completions HTTP/1.1" 200 OK
T+1798s available=4.6GiB | (APIServer pid=1) INFO:     192.168.8.30:61634 - "POST /v1/chat/completions HTTP/1.1" 200 OK
T+1800s available=4.6GiB | (APIServer pid=1) INFO:     192.168.8.30:61634 - "POST /v1/chat/completions HTTP/1.1" 200 OK
T+1802s available=4.6GiB | (APIServer pid=1) INFO:     192.168.8.30:61634 - "POST /v1/chat/completions HTTP/1.1" 200 OK
T+1804s available=4.5GiB | (APIServer pid=1) INFO:     192.168.8.30:61634 - "POST /v1/chat/completions HTTP/1.1" 200 OK
T+1806s available=4.6GiB | (APIServer pid=1) INFO:     192.168.8.30:61628 - "POST /v1/chat/completions HTTP/1.1" 200 OK
T+1808s available=4.6GiB | (APIServer pid=1) INFO:     192.168.8.30:61628 - "POST /v1/chat/completions HTTP/1.1" 200 OK
T+1810s available=4.5GiB | (APIServer pid=1) INFO 09-07 18:52:59 [metrics.py:120] SpecDecoding metrics: Mean acceptance length: 2.98, Accepted throughput: 57.09 tokens/s, Drafted throughp
T+1812s available=4.5GiB | (APIServer pid=1) INFO 09-07 18:52:59 [metrics.py:120] SpecDecoding metrics: Mean acceptance length: 2.98, Accepted throughput: 57.09 tokens/s, Drafted throughp
T+1814s available=4.6GiB | (APIServer pid=1) INFO 09-07 18:52:59 [metrics.py:120] SpecDecoding metrics: Mean acceptance length: 2.98, Accepted throughput: 57.09 tokens/s, Drafted throughp
T+1816s available=4.6GiB | (APIServer pid=1) INFO:     192.168.8.30:61670 - "POST /v1/chat/completions HTTP/1.1" 200 OK
T+1818s available=4.6GiB | (APIServer pid=1) INFO:     192.168.8.30:61670 - "POST /v1/chat/completions HTTP/1.1" 200 OK
T+1820s available=4.5GiB | (APIServer pid=1) INFO 09-07 18:53:09 [metrics.py:120] SpecDecoding metrics: Mean acceptance length: 2.59, Accepted throughput: 63.50 tokens/s, Drafted throughp
T+1822s available=4.5GiB | (APIServer pid=1) INFO:     192.168.8.30:61670 - "POST /v1/chat/completions HTTP/1.1" 200 OK
T+1824s available=4.5GiB | (APIServer pid=1) INFO:     192.168.8.30:61670 - "POST /v1/chat/completions HTTP/1.1" 200 OK
T+1826s available=4.5GiB | (APIServer pid=1) INFO:     192.168.8.30:61670 - "POST /v1/chat/completions HTTP/1.1" 200 OK
T+1829s available=4.5GiB | (APIServer pid=1) INFO:     192.168.8.30:61628 - "POST /v1/chat/completions HTTP/1.1" 200 OK
T+1831s available=4.5GiB | (APIServer pid=1) INFO 09-07 18:53:19 [metrics.py:120] SpecDecoding metrics: Mean acceptance length: 2.91, Accepted throughput: 74.79 tokens/s, Drafted throughp
T+1833s available=4.6GiB | (APIServer pid=1) INFO 09-07 18:53:19 [metrics.py:120] SpecDecoding metrics: Mean acceptance length: 2.91, Accepted throughput: 74.79 tokens/s, Drafted throughp
T+1835s available=4.6GiB | (APIServer pid=1) INFO:     192.168.8.30:61660 - "POST /v1/chat/completions HTTP/1.1" 200 OK
T+1837s available=4.6GiB | (APIServer pid=1) INFO:     192.168.8.30:61660 - "POST /v1/chat/completions HTTP/1.1" 200 OK
T+1839s available=4.6GiB | (APIServer pid=1) INFO:     192.168.8.30:61660 - "POST /v1/chat/completions HTTP/1.1" 200 OK
T+1841s available=4.6GiB | (APIServer pid=1) INFO 09-07 18:53:29 [metrics.py:120] SpecDecoding metrics: Mean acceptance length: 2.95, Accepted throughput: 85.19 tokens/s, Drafted throughp
T+1843s available=4.6GiB | (APIServer pid=1) INFO 09-07 18:53:29 [metrics.py:120] SpecDecoding metrics: Mean acceptance length: 2.95, Accepted throughput: 85.19 tokens/s, Drafted throughp
T+1845s available=4.5GiB | (APIServer pid=1) INFO 09-07 18:53:29 [metrics.py:120] SpecDecoding metrics: Mean acceptance length: 2.95, Accepted throughput: 85.19 tokens/s, Drafted throughp
T+1847s available=4.6GiB | (APIServer pid=1) INFO:     192.168.8.30:61670 - "POST /v1/chat/completions HTTP/1.1" 200 OK
T+1849s available=4.5GiB | (APIServer pid=1) INFO:     192.168.8.30:61670 - "POST /v1/chat/completions HTTP/1.1" 200 OK
T+1851s available=4.5GiB | (APIServer pid=1) INFO 09-07 18:53:39 [metrics.py:120] SpecDecoding metrics: Mean acceptance length: 2.89, Accepted throughput: 88.09 tokens/s, Drafted throughp
T+1853s available=4.5GiB | (APIServer pid=1) INFO:     192.168.8.30:61628 - "POST /v1/chat/completions HTTP/1.1" 200 OK
T+1855s available=4.6GiB | (APIServer pid=1) INFO:     192.168.8.30:61628 - "POST /v1/chat/completions HTTP/1.1" 200 OK
T+1857s available=4.6GiB | (APIServer pid=1) INFO:     192.168.8.30:61648 - "POST /v1/chat/completions HTTP/1.1" 200 OK
T+1860s available=4.6GiB | (APIServer pid=1) INFO:     192.168.8.30:61648 - "POST /v1/chat/completions HTTP/1.1" 200 OK
T+1862s available=4.6GiB | (APIServer pid=1) INFO 09-07 18:53:49 [metrics.py:120] SpecDecoding metrics: Mean acceptance length: 3.03, Accepted throughput: 85.79 tokens/s, Drafted throughp
T+1864s available=4.6GiB | (APIServer pid=1) INFO:     192.168.8.30:61670 - "POST /v1/chat/completions HTTP/1.1" 200 OK
T+1866s available=4.6GiB | (APIServer pid=1) INFO:     192.168.8.30:61670 - "POST /v1/chat/completions HTTP/1.1" 200 OK
T+1868s available=4.6GiB | (APIServer pid=1) INFO:     192.168.8.30:61634 - "POST /v1/chat/completions HTTP/1.1" 200 OK
T+1870s available=4.6GiB | (APIServer pid=1) INFO:     192.168.8.30:61634 - "POST /v1/chat/completions HTTP/1.1" 200 OK
T+1872s available=4.6GiB | (APIServer pid=1) INFO 09-07 18:53:59 [metrics.py:120] SpecDecoding metrics: Mean acceptance length: 2.79, Accepted throughput: 60.90 tokens/s, Drafted throughp
T+1874s available=4.5GiB | (APIServer pid=1) INFO 09-07 18:53:59 [metrics.py:120] SpecDecoding metrics: Mean acceptance length: 2.79, Accepted throughput: 60.90 tokens/s, Drafted throughp
T+1876s available=4.5GiB | (APIServer pid=1) INFO:     192.168.8.30:61648 - "POST /v1/chat/completions HTTP/1.1" 200 OK
T+1878s available=4.6GiB | (APIServer pid=1) INFO:     192.168.8.30:61628 - "POST /v1/chat/completions HTTP/1.1" 200 OK
T+1880s available=4.6GiB | (APIServer pid=1) INFO 09-07 18:54:09 [metrics.py:120] SpecDecoding metrics: Mean acceptance length: 2.73, Accepted throughput: 56.59 tokens/s, Drafted throughp
T+1882s available=4.5GiB | (APIServer pid=1) INFO 09-07 18:54:09 [metrics.py:120] SpecDecoding metrics: Mean acceptance length: 2.73, Accepted throughput: 56.59 tokens/s, Drafted throughp
T+1884s available=4.6GiB | (APIServer pid=1) INFO 09-07 18:54:09 [metrics.py:120] SpecDecoding metrics: Mean acceptance length: 2.73, Accepted throughput: 56.59 tokens/s, Drafted throughp
T+1886s available=4.6GiB | (APIServer pid=1) INFO:     192.168.8.30:61634 - "POST /v1/chat/completions HTTP/1.1" 200 OK
T+1888s available=4.6GiB | (APIServer pid=1) INFO:     192.168.8.30:61634 - "POST /v1/chat/completions HTTP/1.1" 200 OK
T+1890s available=4.6GiB | (APIServer pid=1) INFO 09-07 18:54:19 [metrics.py:120] SpecDecoding metrics: Mean acceptance length: 2.55, Accepted throughput: 67.29 tokens/s, Drafted throughp
T+1892s available=4.6GiB | (APIServer pid=1) INFO 09-07 18:54:19 [metrics.py:120] SpecDecoding metrics: Mean acceptance length: 2.55, Accepted throughput: 67.29 tokens/s, Drafted throughp
T+1895s available=4.6GiB | (APIServer pid=1) INFO 09-07 18:54:19 [metrics.py:120] SpecDecoding metrics: Mean acceptance length: 2.55, Accepted throughput: 67.29 tokens/s, Drafted throughp
T+1897s available=4.6GiB | (APIServer pid=1) INFO 09-07 18:54:19 [metrics.py:120] SpecDecoding metrics: Mean acceptance length: 2.55, Accepted throughput: 67.29 tokens/s, Drafted throughp
T+1899s available=4.6GiB | (APIServer pid=1) INFO 09-07 18:54:19 [metrics.py:120] SpecDecoding metrics: Mean acceptance length: 2.55, Accepted throughput: 67.29 tokens/s, Drafted throughp
T+1901s available=4.6GiB | (APIServer pid=1) INFO 09-07 18:54:29 [metrics.py:120] SpecDecoding metrics: Mean acceptance length: 2.79, Accepted throughput: 68.29 tokens/s, Drafted throughp
T+1903s available=4.6GiB | (APIServer pid=1) INFO 09-07 18:54:29 [metrics.py:120] SpecDecoding metrics: Mean acceptance length: 2.79, Accepted throughput: 68.29 tokens/s, Drafted throughp
T+1905s available=4.6GiB | (APIServer pid=1) INFO 09-07 18:54:29 [metrics.py:120] SpecDecoding metrics: Mean acceptance length: 2.79, Accepted throughput: 68.29 tokens/s, Drafted throughp
T+1907s available=4.6GiB | (APIServer pid=1) INFO 09-07 18:54:29 [metrics.py:120] SpecDecoding metrics: Mean acceptance length: 2.79, Accepted throughput: 68.29 tokens/s, Drafted throughp
T+1909s available=4.6GiB | (APIServer pid=1) INFO 09-07 18:54:29 [metrics.py:120] SpecDecoding metrics: Mean acceptance length: 2.79, Accepted throughput: 68.29 tokens/s, Drafted throughp
T+1911s available=4.6GiB | (APIServer pid=1) INFO 09-07 18:54:39 [metrics.py:120] SpecDecoding metrics: Mean acceptance length: 2.58, Accepted throughput: 55.89 tokens/s, Drafted throughp
T+1913s available=4.6GiB | (APIServer pid=1) INFO:     192.168.8.30:61622 - "POST /v1/chat/completions HTTP/1.1" 200 OK
T+1915s available=4.6GiB | (APIServer pid=1) INFO:     192.168.8.30:61622 - "POST /v1/chat/completions HTTP/1.1" 200 OK
T+1917s available=4.5GiB | (APIServer pid=1) INFO:     192.168.8.30:61622 - "POST /v1/chat/completions HTTP/1.1" 200 OK
T+1919s available=4.5GiB | (APIServer pid=1) INFO:     192.168.8.30:61622 - "POST /v1/chat/completions HTTP/1.1" 200 OK
T+1921s available=4.5GiB | (APIServer pid=1) INFO:     192.168.8.30:61628 - "POST /v1/chat/completions HTTP/1.1" 200 OK
T+1923s available=4.5GiB | (APIServer pid=1) INFO:     192.168.8.30:61648 - "POST /v1/chat/completions HTTP/1.1" 200 OK
T+1925s available=4.5GiB | (APIServer pid=1) INFO:     192.168.8.30:61648 - "POST /v1/chat/completions HTTP/1.1" 200 OK
T+1927s available=4.6GiB | (APIServer pid=1) INFO:     192.168.8.30:61660 - "POST /v1/chat/completions HTTP/1.1" 200 OK
T+1930s available=4.6GiB | (APIServer pid=1) INFO:     192.168.8.30:61622 - "POST /v1/chat/completions HTTP/1.1" 200 OK
T+1932s available=4.6GiB | (APIServer pid=1) INFO 09-07 18:54:59 [metrics.py:120] SpecDecoding metrics: Mean acceptance length: 3.27, Accepted throughput: 53.90 tokens/s, Drafted throughp
T+1934s available=4.6GiB | (APIServer pid=1) INFO 09-07 18:54:59 [metrics.py:120] SpecDecoding metrics: Mean acceptance length: 3.27, Accepted throughput: 53.90 tokens/s, Drafted throughp
T+1936s available=4.6GiB | (APIServer pid=1) INFO 09-07 18:54:59 [metrics.py:120] SpecDecoding metrics: Mean acceptance length: 3.27, Accepted throughput: 53.90 tokens/s, Drafted throughp
T+1938s available=4.6GiB | (APIServer pid=1) INFO 09-07 18:54:59 [metrics.py:120] SpecDecoding metrics: Mean acceptance length: 3.27, Accepted throughput: 53.90 tokens/s, Drafted throughp
T+1940s available=4.6GiB | (APIServer pid=1) INFO 09-07 18:54:59 [metrics.py:120] SpecDecoding metrics: Mean acceptance length: 3.27, Accepted throughput: 53.90 tokens/s, Drafted throughp
T+1942s available=4.6GiB | (APIServer pid=1) INFO:     192.168.8.30:61660 - "POST /v1/chat/completions HTTP/1.1" 200 OK
T+1944s available=4.6GiB | (APIServer pid=1) INFO:     192.168.8.30:61660 - "POST /v1/chat/completions HTTP/1.1" 200 OK
T+1946s available=4.6GiB | (APIServer pid=1) INFO:     192.168.8.30:61660 - "POST /v1/chat/completions HTTP/1.1" 200 OK
T+1948s available=4.6GiB | (APIServer pid=1) INFO:     192.168.8.30:61698 - "POST /v1/chat/completions HTTP/1.1" 200 OK
T+1950s available=4.6GiB | (APIServer pid=1) INFO 09-07 18:55:19 [metrics.py:120] SpecDecoding metrics: Mean acceptance length: 3.28, Accepted throughput: 87.69 tokens/s, Drafted throughp
T+1952s available=4.6GiB | (APIServer pid=1) INFO 09-07 18:55:19 [metrics.py:120] SpecDecoding metrics: Mean acceptance length: 3.28, Accepted throughput: 87.69 tokens/s, Drafted throughp
T+1954s available=4.6GiB | (APIServer pid=1) INFO 09-07 18:55:19 [metrics.py:120] SpecDecoding metrics: Mean acceptance length: 3.28, Accepted throughput: 87.69 tokens/s, Drafted throughp
T+1956s available=4.6GiB | (APIServer pid=1) INFO:     192.168.8.30:61698 - "POST /v1/chat/completions HTTP/1.1" 200 OK
T+1958s available=4.5GiB | (APIServer pid=1) INFO:     192.168.8.30:61660 - "POST /v1/chat/completions HTTP/1.1" 200 OK
T+1960s available=4.5GiB | (APIServer pid=1) INFO 09-07 18:55:29 [metrics.py:120] SpecDecoding metrics: Mean acceptance length: 3.13, Accepted throughput: 91.59 tokens/s, Drafted throughp
T+1963s available=4.5GiB | (APIServer pid=1) INFO:     192.168.8.30:61698 - "POST /v1/chat/completions HTTP/1.1" 200 OK
T+1965s available=4.6GiB | (APIServer pid=1) INFO:     192.168.8.30:61698 - "POST /v1/chat/completions HTTP/1.1" 200 OK
T+1967s available=4.6GiB | (APIServer pid=1) INFO:     192.168.8.30:61660 - "POST /v1/chat/completions HTTP/1.1" 200 OK
T+1969s available=4.5GiB | (APIServer pid=1) INFO:     192.168.8.30:61660 - "POST /v1/chat/completions HTTP/1.1" 200 OK
T+1971s available=4.6GiB | (APIServer pid=1) INFO:     192.168.8.30:61648 - "POST /v1/chat/completions HTTP/1.1" 200 OK
T+1973s available=4.6GiB | (APIServer pid=1) INFO:     192.168.8.30:61622 - "POST /v1/chat/completions HTTP/1.1" 200 OK
T+1975s available=4.6GiB | (APIServer pid=1) INFO:     192.168.8.30:61622 - "POST /v1/chat/completions HTTP/1.1" 200 OK
T+1977s available=4.5GiB | (APIServer pid=1) INFO:     192.168.8.30:61622 - "POST /v1/chat/completions HTTP/1.1" 200 OK
T+1979s available=4.5GiB | (APIServer pid=1) INFO:     192.168.8.30:61632 - "POST /v1/chat/completions HTTP/1.1" 200 OK
T+1981s available=4.6GiB | (APIServer pid=1) INFO 09-07 18:55:49 [metrics.py:120] SpecDecoding metrics: Mean acceptance length: 2.97, Accepted throughput: 67.69 tokens/s, Drafted throughp
T+1983s available=4.5GiB | (APIServer pid=1) INFO 09-07 18:55:49 [metrics.py:120] SpecDecoding metrics: Mean acceptance length: 2.97, Accepted throughput: 67.69 tokens/s, Drafted throughp
T+1985s available=4.5GiB | (APIServer pid=1) INFO 09-07 18:55:49 [metrics.py:120] SpecDecoding metrics: Mean acceptance length: 2.97, Accepted throughput: 67.69 tokens/s, Drafted throughp
T+1987s available=4.5GiB | (APIServer pid=1) INFO:     192.168.8.30:61622 - "POST /v1/chat/completions HTTP/1.1" 200 OK
T+1989s available=4.5GiB | (APIServer pid=1) INFO:     192.168.8.30:61622 - "POST /v1/chat/completions HTTP/1.1" 200 OK
T+1991s available=4.5GiB | (APIServer pid=1) INFO 09-07 18:55:59 [metrics.py:120] SpecDecoding metrics: Mean acceptance length: 2.85, Accepted throughput: 46.89 tokens/s, Drafted throughp
T+1993s available=4.6GiB | (APIServer pid=1) INFO:     192.168.8.30:61660 - "POST /v1/chat/completions HTTP/1.1" 200 OK
T+1996s available=4.6GiB | (APIServer pid=1) INFO:     192.168.8.30:61660 - "POST /v1/chat/completions HTTP/1.1" 200 OK
T+1998s available=4.6GiB | (APIServer pid=1) INFO:     192.168.8.30:61622 - "POST /v1/chat/completions HTTP/1.1" 200 OK
T+2000s available=4.6GiB | (APIServer pid=1) INFO:     192.168.8.30:61622 - "POST /v1/chat/completions HTTP/1.1" 200 OK
T+2002s available=4.6GiB | (APIServer pid=1) INFO 09-07 18:56:09 [metrics.py:120] SpecDecoding metrics: Mean acceptance length: 2.87, Accepted throughput: 59.60 tokens/s, Drafted throughp
T+2004s available=4.5GiB | (APIServer pid=1) INFO:     192.168.8.30:61642 - "POST /v1/chat/completions HTTP/1.1" 200 OK
T+2006s available=4.5GiB | (APIServer pid=1) INFO:     192.168.8.30:61660 - "POST /v1/chat/completions HTTP/1.1" 200 OK
T+2008s available=4.5GiB | (APIServer pid=1) INFO:     192.168.8.30:61660 - "POST /v1/chat/completions HTTP/1.1" 200 OK
T+2010s available=4.5GiB | (APIServer pid=1) INFO:     192.168.8.30:61648 - "POST /v1/chat/completions HTTP/1.1" 200 OK
T+2012s available=4.6GiB | (APIServer pid=1) INFO 09-07 18:56:19 [metrics.py:120] SpecDecoding metrics: Mean acceptance length: 2.58, Accepted throughput: 44.90 tokens/s, Drafted throughp
T+2014s available=4.6GiB | (APIServer pid=1) INFO 09-07 18:56:19 [metrics.py:120] SpecDecoding metrics: Mean acceptance length: 2.58, Accepted throughput: 44.90 tokens/s, Drafted throughp
T+2016s available=4.6GiB | (APIServer pid=1) INFO:     192.168.8.30:61660 - "POST /v1/chat/completions HTTP/1.1" 200 OK
T+2018s available=4.6GiB | (APIServer pid=1) INFO:     192.168.8.30:61660 - "POST /v1/chat/completions HTTP/1.1" 200 OK
T+2020s available=4.6GiB | (APIServer pid=1) INFO 09-07 18:56:29 [metrics.py:120] SpecDecoding metrics: Mean acceptance length: 3.17, Accepted throughput: 25.20 tokens/s, Drafted throughp
T+2022s available=4.6GiB | (APIServer pid=1) INFO:     192.168.8.30:61648 - "POST /v1/chat/completions HTTP/1.1" 200 OK
T+2024s available=4.6GiB | (APIServer pid=1) INFO:     192.168.8.30:61648 - "POST /v1/chat/completions HTTP/1.1" 200 OK
T+2026s available=4.6GiB | (APIServer pid=1) INFO:     192.168.8.30:61714 - "POST /v1/chat/completions HTTP/1.1" 200 OK
T+2029s available=4.6GiB | (APIServer pid=1) INFO:     192.168.8.30:61624 - "POST /v1/chat/completions HTTP/1.1" 200 OK
T+2031s available=4.5GiB | (APIServer pid=1) INFO 09-07 18:56:39 [metrics.py:120] SpecDecoding metrics: Mean acceptance length: 2.68, Accepted throughput: 52.79 tokens/s, Drafted throughp
T+2033s available=4.5GiB | (APIServer pid=1) INFO:     192.168.8.30:61648 - "POST /v1/chat/completions HTTP/1.1" 200 OK
T+2035s available=4.6GiB | (APIServer pid=1) INFO:     192.168.8.30:61648 - "POST /v1/chat/completions HTTP/1.1" 200 OK
T+2037s available=4.6GiB | (APIServer pid=1) INFO:     192.168.8.30:61660 - "POST /v1/chat/completions HTTP/1.1" 200 OK
T+2039s available=4.6GiB | (APIServer pid=1) INFO:     192.168.8.30:61714 - "POST /v1/chat/completions HTTP/1.1" 200 OK
T+2041s available=4.6GiB | (APIServer pid=1) INFO:     192.168.8.30:61648 - "POST /v1/chat/completions HTTP/1.1" 200 OK
T+2043s available=4.5GiB | (APIServer pid=1) INFO:     192.168.8.30:61648 - "POST /v1/chat/completions HTTP/1.1" 200 OK
T+2045s available=4.5GiB | (APIServer pid=1) INFO:     192.168.8.30:61648 - "POST /v1/chat/completions HTTP/1.1" 200 OK
T+2047s available=4.6GiB | (APIServer pid=1) INFO:     192.168.8.30:61680 - "POST /v1/chat/completions HTTP/1.1" 200 OK
T+2049s available=4.5GiB | (APIServer pid=1) INFO:     192.168.8.30:61680 - "POST /v1/chat/completions HTTP/1.1" 200 OK
T+2051s available=4.5GiB | (APIServer pid=1) INFO:     192.168.8.30:61702 - "POST /v1/chat/completions HTTP/1.1" 200 OK
T+2053s available=4.6GiB | (APIServer pid=1) INFO:     192.168.8.30:61702 - "POST /v1/chat/completions HTTP/1.1" 200 OK
T+2055s available=4.6GiB | (APIServer pid=1) INFO:     192.168.8.30:61648 - "POST /v1/chat/completions HTTP/1.1" 200 OK
T+2057s available=4.6GiB | (APIServer pid=1) INFO:     192.168.8.30:61660 - "POST /v1/chat/completions HTTP/1.1" 200 OK
T+2059s available=4.6GiB | (APIServer pid=1) INFO:     192.168.8.30:61660 - "POST /v1/chat/completions HTTP/1.1" 200 OK
T+2061s available=4.6GiB | (APIServer pid=1) INFO 09-07 18:57:09 [metrics.py:120] SpecDecoding metrics: Mean acceptance length: 2.63, Accepted throughput: 57.20 tokens/s, Drafted throughp
T+2064s available=4.6GiB | (APIServer pid=1) INFO 09-07 18:57:09 [metrics.py:120] SpecDecoding metrics: Mean acceptance length: 2.63, Accepted throughput: 57.20 tokens/s, Drafted throughp
T+2066s available=4.6GiB | (APIServer pid=1) INFO:     192.168.8.30:61680 - "POST /v1/chat/completions HTTP/1.1" 200 OK
T+2068s available=4.6GiB | (APIServer pid=1) INFO:     192.168.8.30:61680 - "POST /v1/chat/completions HTTP/1.1" 200 OK
T+2070s available=4.6GiB | (APIServer pid=1) INFO:     192.168.8.30:61694 - "POST /v1/chat/completions HTTP/1.1" 200 OK
T+2072s available=4.6GiB | (APIServer pid=1) INFO 09-07 18:57:19 [metrics.py:120] SpecDecoding metrics: Mean acceptance length: 2.55, Accepted throughput: 55.90 tokens/s, Drafted throughp
T+2074s available=4.5GiB | (APIServer pid=1) INFO:     192.168.8.30:61648 - "POST /v1/chat/completions HTTP/1.1" 200 OK
T+2076s available=4.6GiB | (APIServer pid=1) INFO:     192.168.8.30:61648 - "POST /v1/chat/completions HTTP/1.1" 200 OK
T+2078s available=4.6GiB | (APIServer pid=1) INFO:     192.168.8.30:61660 - "POST /v1/chat/completions HTTP/1.1" 200 OK
T+2080s available=4.6GiB | (APIServer pid=1) INFO 09-07 18:57:29 [metrics.py:120] SpecDecoding metrics: Mean acceptance length: 2.76, Accepted throughput: 67.99 tokens/s, Drafted throughp
T+2082s available=4.6GiB | (APIServer pid=1) INFO:     192.168.8.30:61648 - "POST /v1/chat/completions HTTP/1.1" 200 OK
T+2084s available=4.6GiB | (APIServer pid=1) INFO:     192.168.8.30:61648 - "POST /v1/chat/completions HTTP/1.1" 200 OK
T+2086s available=4.6GiB | (APIServer pid=1) INFO:     192.168.8.30:61648 - "POST /v1/chat/completions HTTP/1.1" 200 OK
T+2088s available=4.6GiB | (APIServer pid=1) INFO:     192.168.8.30:61648 - "POST /v1/chat/completions HTTP/1.1" 200 OK
T+2090s available=4.6GiB | (APIServer pid=1) INFO 09-07 18:57:39 [metrics.py:120] SpecDecoding metrics: Mean acceptance length: 2.64, Accepted throughput: 63.69 tokens/s, Drafted throughp
T+2092s available=4.6GiB | (APIServer pid=1) INFO:     192.168.8.30:61648 - "POST /v1/chat/completions HTTP/1.1" 200 OK
T+2094s available=4.6GiB | (APIServer pid=1) INFO:     192.168.8.30:61700 - "POST /v1/chat/completions HTTP/1.1" 200 OK
T+2097s available=4.6GiB | (APIServer pid=1) INFO:     192.168.8.30:61694 - "POST /v1/chat/completions HTTP/1.1" 200 OK
T+2099s available=4.5GiB | (APIServer pid=1) INFO:     192.168.8.30:61694 - "POST /v1/chat/completions HTTP/1.1" 200 OK
T+2101s available=4.5GiB | (APIServer pid=1) INFO 09-07 18:57:49 [metrics.py:120] SpecDecoding metrics: Mean acceptance length: 2.77, Accepted throughput: 64.20 tokens/s, Drafted throughp
T+2103s available=4.5GiB | (APIServer pid=1) INFO 09-07 18:57:49 [metrics.py:120] SpecDecoding metrics: Mean acceptance length: 2.77, Accepted throughput: 64.20 tokens/s, Drafted throughp
T+2105s available=4.5GiB | (APIServer pid=1) INFO:     192.168.8.30:61680 - "POST /v1/chat/completions HTTP/1.1" 200 OK
T+2107s available=4.5GiB | (APIServer pid=1) INFO:     192.168.8.30:61694 - "POST /v1/chat/completions HTTP/1.1" 200 OK
T+2109s available=4.5GiB | (APIServer pid=1) INFO:     192.168.8.30:61694 - "POST /v1/chat/completions HTTP/1.1" 200 OK
T+2111s available=4.5GiB | (APIServer pid=1) INFO 09-07 18:57:59 [metrics.py:120] SpecDecoding metrics: Mean acceptance length: 3.08, Accepted throughput: 51.99 tokens/s, Drafted throughp
T+2113s available=4.5GiB | (APIServer pid=1) INFO:     192.168.8.30:61680 - "POST /v1/chat/completions HTTP/1.1" 200 OK
T+2115s available=4.5GiB | (APIServer pid=1) INFO:     192.168.8.30:61694 - "POST /v1/chat/completions HTTP/1.1" 200 OK
T+2117s available=4.5GiB | (APIServer pid=1) INFO:     192.168.8.30:61660 - "POST /v1/chat/completions HTTP/1.1" 200 OK
T+2119s available=4.5GiB | (APIServer pid=1) INFO:     192.168.8.30:61660 - "POST /v1/chat/completions HTTP/1.1" 200 OK
T+2121s available=4.5GiB | (APIServer pid=1) INFO 09-07 18:58:09 [metrics.py:120] SpecDecoding metrics: Mean acceptance length: 3.23, Accepted throughput: 52.99 tokens/s, Drafted throughp
T+2123s available=4.5GiB | (APIServer pid=1) INFO 09-07 18:58:09 [metrics.py:120] SpecDecoding metrics: Mean acceptance length: 3.23, Accepted throughput: 52.99 tokens/s, Drafted throughp
T+2125s available=4.5GiB | (APIServer pid=1) INFO:     192.168.8.30:61694 - "POST /v1/chat/completions HTTP/1.1" 200 OK
T+2127s available=4.6GiB | (APIServer pid=1) INFO:     192.168.8.30:61648 - "POST /v1/chat/completions HTTP/1.1" 200 OK
T+2129s available=4.6GiB | (APIServer pid=1) INFO:     192.168.8.30:61660 - "POST /v1/chat/completions HTTP/1.1" 200 OK
T+2131s available=4.5GiB | (APIServer pid=1) INFO 09-07 18:58:19 [metrics.py:120] SpecDecoding metrics: Mean acceptance length: 3.14, Accepted throughput: 57.60 tokens/s, Drafted throughp
T+2134s available=4.5GiB | (APIServer pid=1) INFO:     192.168.8.30:61648 - "POST /v1/chat/completions HTTP/1.1" 200 OK
T+2136s available=4.6GiB | (APIServer pid=1) INFO:     192.168.8.30:61694 - "POST /v1/chat/completions HTTP/1.1" 200 OK
T+2138s available=4.6GiB | (APIServer pid=1) INFO:     192.168.8.30:61694 - "POST /v1/chat/completions HTTP/1.1" 200 OK
T+2140s available=4.6GiB | (APIServer pid=1) INFO:     192.168.8.30:61640 - "POST /v1/chat/completions HTTP/1.1" 200 OK
T+2142s available=4.5GiB | (APIServer pid=1) INFO 09-07 18:58:29 [metrics.py:120] SpecDecoding metrics: Mean acceptance length: 2.87, Accepted throughput: 56.39 tokens/s, Drafted throughp
T+2144s available=4.5GiB | (APIServer pid=1) INFO 09-07 18:58:29 [metrics.py:120] SpecDecoding metrics: Mean acceptance length: 2.87, Accepted throughput: 56.39 tokens/s, Drafted throughp
T+2146s available=4.5GiB | (APIServer pid=1) INFO:     192.168.8.30:61694 - "POST /v1/chat/completions HTTP/1.1" 200 OK
T+2148s available=4.6GiB | (APIServer pid=1) INFO:     192.168.8.30:61680 - "POST /v1/chat/completions HTTP/1.1" 200 OK
T+2150s available=4.5GiB | (APIServer pid=1) INFO 09-07 18:58:39 [metrics.py:120] SpecDecoding metrics: Mean acceptance length: 2.99, Accepted throughput: 49.10 tokens/s, Drafted throughp
T+2152s available=4.5GiB | (APIServer pid=1) INFO 09-07 18:58:39 [metrics.py:120] SpecDecoding metrics: Mean acceptance length: 2.99, Accepted throughput: 49.10 tokens/s, Drafted throughp
T+2154s available=4.5GiB | (APIServer pid=1) INFO 09-07 18:58:39 [metrics.py:120] SpecDecoding metrics: Mean acceptance length: 2.99, Accepted throughput: 49.10 tokens/s, Drafted throughp
T+2156s available=4.5GiB | (APIServer pid=1) INFO:     192.168.8.30:61694 - "POST /v1/chat/completions HTTP/1.1" 200 OK
T+2158s available=4.5GiB | (APIServer pid=1) INFO:     192.168.8.30:61680 - "POST /v1/chat/completions HTTP/1.1" 200 OK
T+2160s available=4.5GiB | (APIServer pid=1) INFO 09-07 18:58:49 [metrics.py:120] SpecDecoding metrics: Mean acceptance length: 2.89, Accepted throughput: 63.30 tokens/s, Drafted throughp
T+2162s available=4.5GiB | (APIServer pid=1) INFO:     192.168.8.30:61694 - "POST /v1/chat/completions HTTP/1.1" 200 OK
T+2164s available=4.5GiB | (APIServer pid=1) INFO:     192.168.8.30:61680 - "POST /v1/chat/completions HTTP/1.1" 200 OK
T+2166s available=4.5GiB | (APIServer pid=1) INFO:     192.168.8.30:61660 - "POST /v1/chat/completions HTTP/1.1" 200 OK
T+2169s available=4.5GiB | (APIServer pid=1) INFO:     192.168.8.30:61640 - "POST /v1/chat/completions HTTP/1.1" 200 OK
T+2171s available=4.6GiB | (APIServer pid=1) INFO 09-07 18:58:59 [metrics.py:120] SpecDecoding metrics: Mean acceptance length: 3.03, Accepted throughput: 49.49 tokens/s, Drafted throughp
T+2173s available=4.5GiB | (APIServer pid=1) INFO:     192.168.8.30:61680 - "POST /v1/chat/completions HTTP/1.1" 200 OK
T+2175s available=4.5GiB | (APIServer pid=1) INFO:     192.168.8.30:61680 - "POST /v1/chat/completions HTTP/1.1" 200 OK
T+2177s available=4.6GiB | (APIServer pid=1) INFO:     192.168.8.30:61640 - "POST /v1/chat/completions HTTP/1.1" 200 OK
T+2179s available=4.6GiB | (APIServer pid=1) INFO:     192.168.8.30:61680 - "POST /v1/chat/completions HTTP/1.1" 200 OK
T+2181s available=4.5GiB | (APIServer pid=1) INFO 09-07 18:59:09 [metrics.py:120] SpecDecoding metrics: Mean acceptance length: 2.96, Accepted throughput: 64.20 tokens/s, Drafted throughp
T+2183s available=4.5GiB | (APIServer pid=1) INFO 09-07 18:59:09 [metrics.py:120] SpecDecoding metrics: Mean acceptance length: 2.96, Accepted throughput: 64.20 tokens/s, Drafted throughp
T+2185s available=4.5GiB | (APIServer pid=1) INFO:     192.168.8.30:61640 - "POST /v1/chat/completions HTTP/1.1" 200 OK
T+2187s available=4.6GiB | (APIServer pid=1) INFO:     192.168.8.30:61640 - "POST /v1/chat/completions HTTP/1.1" 200 OK
T+2189s available=4.6GiB | (APIServer pid=1) INFO:     192.168.8.30:61648 - "POST /v1/chat/completions HTTP/1.1" 200 OK
T+2191s available=4.5GiB | (APIServer pid=1) INFO:     192.168.8.30:61660 - "POST /v1/chat/completions HTTP/1.1" 200 OK
T+2193s available=4.5GiB | (APIServer pid=1) INFO:     192.168.8.30:61660 - "POST /v1/chat/completions HTTP/1.1" 200 OK
T+2195s available=4.5GiB | (APIServer pid=1) INFO:     192.168.8.30:61680 - "POST /v1/chat/completions HTTP/1.1" 200 OK
T+2197s available=4.5GiB | (APIServer pid=1) INFO:     192.168.8.30:61680 - "POST /v1/chat/completions HTTP/1.1" 200 OK
T+2199s available=4.6GiB | (APIServer pid=1) INFO:     192.168.8.30:61640 - "POST /v1/chat/completions HTTP/1.1" 200 OK
T+2201s available=4.5GiB | (APIServer pid=1) INFO 09-07 18:59:29 [metrics.py:120] SpecDecoding metrics: Mean acceptance length: 2.94, Accepted throughput: 50.39 tokens/s, Drafted throughp
T+2203s available=4.5GiB | (APIServer pid=1) INFO:     192.168.8.30:61648 - "POST /v1/chat/completions HTTP/1.1" 200 OK
T+2206s available=4.5GiB | (APIServer pid=1) INFO:     192.168.8.30:61648 - "POST /v1/chat/completions HTTP/1.1" 200 OK
T+2208s available=4.5GiB | (APIServer pid=1) INFO:     192.168.8.30:61648 - "POST /v1/chat/completions HTTP/1.1" 200 OK
T+2210s available=4.6GiB | (APIServer pid=1) INFO:     192.168.8.30:61648 - "POST /v1/chat/completions HTTP/1.1" 200 OK
T+2212s available=4.5GiB | (APIServer pid=1) INFO 09-07 18:59:39 [metrics.py:120] SpecDecoding metrics: Mean acceptance length: 2.72, Accepted throughput: 49.69 tokens/s, Drafted throughp
T+2214s available=4.5GiB | (APIServer pid=1) INFO:     192.168.8.30:61648 - "POST /v1/chat/completions HTTP/1.1" 200 OK
T+2216s available=4.6GiB | (APIServer pid=1) INFO:     192.168.8.30:61648 - "POST /v1/chat/completions HTTP/1.1" 200 OK
T+2218s available=4.5GiB | (APIServer pid=1) INFO:     192.168.8.30:61648 - "POST /v1/chat/completions HTTP/1.1" 200 OK
T+2220s available=4.5GiB | (APIServer pid=1) INFO:     192.168.8.30:61648 - "POST /v1/chat/completions HTTP/1.1" 200 OK
T+2222s available=4.5GiB | (APIServer pid=1) INFO:     192.168.8.30:61648 - "POST /v1/chat/completions HTTP/1.1" 200 OK
T+2224s available=4.5GiB | (APIServer pid=1) INFO:     192.168.8.30:61648 - "POST /v1/chat/completions HTTP/1.1" 200 OK
T+2226s available=4.6GiB | (APIServer pid=1) INFO:     192.168.8.30:61680 - "POST /v1/chat/completions HTTP/1.1" 200 OK
T+2228s available=4.6GiB | (APIServer pid=1) INFO:     192.168.8.30:61680 - "POST /v1/chat/completions HTTP/1.1" 200 OK
T+2230s available=4.6GiB | (APIServer pid=1) INFO 09-07 18:59:59 [metrics.py:120] SpecDecoding metrics: Mean acceptance length: 2.65, Accepted throughput: 68.49 tokens/s, Drafted throughp
T+2232s available=3.7GiB | (APIServer pid=1) INFO:     192.168.8.30:61680 - "POST /v1/chat/completions HTTP/1.1" 200 OK
T+2234s available=3.7GiB | (APIServer pid=1) INFO:     192.168.8.30:61680 - "POST /v1/chat/completions HTTP/1.1" 200 OK
T+2236s available=3.7GiB | (APIServer pid=1) INFO:     192.168.8.30:61640 - "POST /v1/chat/completions HTTP/1.1" 200 OK
T+2238s available=3.7GiB | (APIServer pid=1) INFO:     192.168.8.30:61640 - "POST /v1/chat/completions HTTP/1.1" 200 OK
T+2241s available=3.7GiB | (APIServer pid=1) INFO 09-07 19:00:09 [metrics.py:120] SpecDecoding metrics: Mean acceptance length: 2.86, Accepted throughput: 61.09 tokens/s, Drafted throughp
T+2243s available=3.7GiB | (APIServer pid=1) INFO 09-07 19:00:09 [metrics.py:120] SpecDecoding metrics: Mean acceptance length: 2.86, Accepted throughput: 61.09 tokens/s, Drafted throughp
T+2245s available=3.7GiB | (APIServer pid=1) INFO:     192.168.8.30:61640 - "POST /v1/chat/completions HTTP/1.1" 200 OK
T+2247s available=3.7GiB | (APIServer pid=1) INFO:     192.168.8.30:61640 - "POST /v1/chat/completions HTTP/1.1" 200 OK
T+2249s available=3.7GiB | (APIServer pid=1) INFO:     192.168.8.30:61694 - "POST /v1/chat/completions HTTP/1.1" 200 OK
T+2251s available=3.7GiB | (APIServer pid=1) INFO 09-07 19:00:19 [metrics.py:120] SpecDecoding metrics: Mean acceptance length: 3.03, Accepted throughput: 54.69 tokens/s, Drafted throughp
T+2253s available=3.7GiB | (APIServer pid=1) INFO 09-07 19:00:19 [metrics.py:120] SpecDecoding metrics: Mean acceptance length: 3.03, Accepted throughput: 54.69 tokens/s, Drafted throughp
T+2255s available=3.7GiB | (APIServer pid=1) INFO:     192.168.8.30:61694 - "POST /v1/chat/completions HTTP/1.1" 200 OK
T+2257s available=3.7GiB | (APIServer pid=1) INFO:     192.168.8.30:61694 - "POST /v1/chat/completions HTTP/1.1" 200 OK
T+2259s available=3.7GiB | (APIServer pid=1) INFO:     192.168.8.30:61694 - "POST /v1/chat/completions HTTP/1.1" 200 OK
T+2261s available=3.7GiB | (APIServer pid=1) INFO 09-07 19:00:29 [metrics.py:120] SpecDecoding metrics: Mean acceptance length: 2.96, Accepted throughput: 78.19 tokens/s, Drafted throughp
T+2263s available=3.7GiB | (APIServer pid=1) INFO 09-07 19:00:29 [metrics.py:120] SpecDecoding metrics: Mean acceptance length: 2.96, Accepted throughput: 78.19 tokens/s, Drafted throughp
T+2265s available=3.7GiB | (APIServer pid=1) INFO 09-07 19:00:29 [metrics.py:120] SpecDecoding metrics: Mean acceptance length: 2.96, Accepted throughput: 78.19 tokens/s, Drafted throughp
T+2267s available=3.7GiB | (APIServer pid=1) INFO:     192.168.8.30:61648 - "POST /v1/chat/completions HTTP/1.1" 200 OK
T+2269s available=3.7GiB | (APIServer pid=1) INFO:     192.168.8.30:61648 - "POST /v1/chat/completions HTTP/1.1" 200 OK
T+2271s available=3.7GiB | (APIServer pid=1) INFO 09-07 19:00:39 [metrics.py:120] SpecDecoding metrics: Mean acceptance length: 2.55, Accepted throughput: 62.88 tokens/s, Drafted throughp
T+2273s available=3.7GiB | (APIServer pid=1) INFO:     192.168.8.30:61640 - "POST /v1/chat/completions HTTP/1.1" 200 OK
T+2275s available=3.7GiB | (APIServer pid=1) INFO:     192.168.8.30:61640 - "POST /v1/chat/completions HTTP/1.1" 200 OK
T+2278s available=3.7GiB | (APIServer pid=1) INFO:     192.168.8.30:61640 - "POST /v1/chat/completions HTTP/1.1" 200 OK
T+2280s available=3.7GiB | (APIServer pid=1) INFO:     192.168.8.30:61640 - "POST /v1/chat/completions HTTP/1.1" 200 OK
T+2282s available=3.7GiB | (APIServer pid=1) INFO 09-07 19:00:49 [metrics.py:120] SpecDecoding metrics: Mean acceptance length: 2.87, Accepted throughput: 80.99 tokens/s, Drafted throughp
T+2284s available=3.7GiB | (APIServer pid=1) INFO:     192.168.8.30:61648 - "POST /v1/chat/completions HTTP/1.1" 200 OK
T+2286s available=3.8GiB | (APIServer pid=1) INFO:     192.168.8.30:61640 - "POST /v1/chat/completions HTTP/1.1" 200 OK
T+2288s available=3.7GiB | (APIServer pid=1) INFO:     192.168.8.30:61694 - "POST /v1/chat/completions HTTP/1.1" 200 OK
T+2290s available=3.7GiB | (APIServer pid=1) INFO:     192.168.8.30:61694 - "POST /v1/chat/completions HTTP/1.1" 200 OK
T+2292s available=3.7GiB | (APIServer pid=1) INFO 09-07 19:00:59 [metrics.py:120] SpecDecoding metrics: Mean acceptance length: 2.92, Accepted throughput: 47.90 tokens/s, Drafted throughp
T+2294s available=3.7GiB | (APIServer pid=1) INFO:     192.168.8.30:61660 - "POST /v1/chat/completions HTTP/1.1" 200 OK
T+2296s available=3.7GiB | (APIServer pid=1) INFO:     192.168.8.30:61660 - "POST /v1/chat/completions HTTP/1.1" 200 OK
T+2298s available=3.7GiB | (APIServer pid=1) INFO:     192.168.8.30:61660 - "POST /v1/chat/completions HTTP/1.1" 200 OK
T+2300s available=3.7GiB | (APIServer pid=1) INFO 09-07 19:01:09 [metrics.py:120] SpecDecoding metrics: Mean acceptance length: 2.75, Accepted throughput: 72.30 tokens/s, Drafted throughp
T+2302s available=3.7GiB | (APIServer pid=1) INFO:     192.168.8.30:61648 - "POST /v1/chat/completions HTTP/1.1" 200 OK
T+2304s available=3.7GiB | (APIServer pid=1) INFO:     192.168.8.30:61648 - "POST /v1/chat/completions HTTP/1.1" 200 OK
T+2306s available=3.7GiB | (APIServer pid=1) INFO:     192.168.8.30:61680 - "POST /v1/chat/completions HTTP/1.1" 200 OK
T+2308s available=3.7GiB | (APIServer pid=1) INFO:     192.168.8.30:61680 - "POST /v1/chat/completions HTTP/1.1" 200 OK
T+2310s available=3.7GiB | (APIServer pid=1) INFO 09-07 19:01:19 [metrics.py:120] SpecDecoding metrics: Mean acceptance length: 2.75, Accepted throughput: 50.79 tokens/s, Drafted throughp
T+2313s available=3.7GiB | (APIServer pid=1) INFO:     192.168.8.30:61648 - "POST /v1/chat/completions HTTP/1.1" 200 OK
T+2315s available=3.7GiB | (APIServer pid=1) INFO:     192.168.8.30:61648 - "POST /v1/chat/completions HTTP/1.1" 200 OK
T+2317s available=3.7GiB | (APIServer pid=1) INFO:     192.168.8.30:61684 - "POST /v1/chat/completions HTTP/1.1" 200 OK
T+2319s available=3.7GiB | (APIServer pid=1) INFO:     192.168.8.30:61684 - "POST /v1/chat/completions HTTP/1.1" 200 OK
T+2321s available=3.7GiB | (APIServer pid=1) INFO 09-07 19:01:29 [metrics.py:120] SpecDecoding metrics: Mean acceptance length: 2.89, Accepted throughput: 36.70 tokens/s, Drafted throughp
T+2323s available=3.7GiB | (APIServer pid=1) INFO:     192.168.8.30:61648 - "POST /v1/chat/completions HTTP/1.1" 200 OK
T+2325s available=3.7GiB | (APIServer pid=1) INFO:     192.168.8.30:61648 - "POST /v1/chat/completions HTTP/1.1" 200 OK
T+2327s available=3.7GiB | (APIServer pid=1) INFO:     192.168.8.30:61640 - "POST /v1/chat/completions HTTP/1.1" 200 OK
T+2329s available=3.7GiB | (APIServer pid=1) INFO:     192.168.8.30:61640 - "POST /v1/chat/completions HTTP/1.1" 200 OK
T+2331s available=3.7GiB | (APIServer pid=1) INFO 09-07 19:01:39 [metrics.py:120] SpecDecoding metrics: Mean acceptance length: 2.72, Accepted throughput: 58.50 tokens/s, Drafted throughp
T+2333s available=3.7GiB | (APIServer pid=1) INFO:     192.168.8.30:61660 - "POST /v1/chat/completions HTTP/1.1" 200 OK
T+2335s available=3.7GiB | (APIServer pid=1) INFO:     192.168.8.30:61660 - "POST /v1/chat/completions HTTP/1.1" 200 OK
T+2337s available=3.7GiB | (APIServer pid=1) INFO:     192.168.8.30:61680 - "POST /v1/chat/completions HTTP/1.1" 200 OK
T+2339s available=3.7GiB | (APIServer pid=1) INFO:     192.168.8.30:61684 - "POST /v1/chat/completions HTTP/1.1" 200 OK
T+2341s available=3.7GiB | (APIServer pid=1) INFO:     192.168.8.30:61640 - "POST /v1/chat/completions HTTP/1.1" 200 OK
T+2343s available=3.7GiB | (APIServer pid=1) INFO:     192.168.8.30:61640 - "POST /v1/chat/completions HTTP/1.1" 200 OK
T+2346s available=3.7GiB | (APIServer pid=1) INFO:     192.168.8.30:61640 - "POST /v1/chat/completions HTTP/1.1" 200 OK
T+2348s available=3.8GiB | (APIServer pid=1) INFO:     192.168.8.30:61680 - "POST /v1/chat/completions HTTP/1.1" 200 OK
T+2350s available=3.7GiB | (APIServer pid=1) INFO:     192.168.8.30:61680 - "POST /v1/chat/completions HTTP/1.1" 200 OK
T+2352s available=3.7GiB | (APIServer pid=1) INFO 09-07 19:01:59 [metrics.py:120] SpecDecoding metrics: Mean acceptance length: 2.77, Accepted throughput: 50.00 tokens/s, Drafted throughp
T+2354s available=3.7GiB | (APIServer pid=1) INFO 09-07 19:01:59 [metrics.py:120] SpecDecoding metrics: Mean acceptance length: 2.77, Accepted throughput: 50.00 tokens/s, Drafted throughp
T+2356s available=3.7GiB | (APIServer pid=1) INFO 09-07 19:01:59 [metrics.py:120] SpecDecoding metrics: Mean acceptance length: 2.77, Accepted throughput: 50.00 tokens/s, Drafted throughp
T+2358s available=3.7GiB | (APIServer pid=1) INFO 09-07 19:01:59 [metrics.py:120] SpecDecoding metrics: Mean acceptance length: 2.77, Accepted throughput: 50.00 tokens/s, Drafted throughp
T+2360s available=3.7GiB | (APIServer pid=1) INFO:     192.168.8.30:61684 - "POST /v1/chat/completions HTTP/1.1" 200 OK
T+2362s available=3.7GiB | (APIServer pid=1) INFO 09-07 19:02:09 [metrics.py:120] SpecDecoding metrics: Mean acceptance length: 2.87, Accepted throughput: 85.79 tokens/s, Drafted throughp
T+2364s available=3.7GiB | (APIServer pid=1) INFO:     192.168.8.30:61660 - "POST /v1/chat/completions HTTP/1.1" 200 OK
T+2366s available=3.7GiB | (APIServer pid=1) INFO:     192.168.8.30:61660 - "POST /v1/chat/completions HTTP/1.1" 200 OK
T+2368s available=3.7GiB | (APIServer pid=1) INFO:     192.168.8.30:61660 - "POST /v1/chat/completions HTTP/1.1" 200 OK
T+2370s available=3.8GiB | (APIServer pid=1) INFO 09-07 19:02:19 [metrics.py:120] SpecDecoding metrics: Mean acceptance length: 2.79, Accepted throughput: 65.60 tokens/s, Drafted throughp
T+2372s available=3.7GiB | (APIServer pid=1) INFO 09-07 19:02:19 [metrics.py:120] SpecDecoding metrics: Mean acceptance length: 2.79, Accepted throughput: 65.60 tokens/s, Drafted throughp
T+2374s available=3.8GiB | (APIServer pid=1) INFO 09-07 19:02:19 [metrics.py:120] SpecDecoding metrics: Mean acceptance length: 2.79, Accepted throughput: 65.60 tokens/s, Drafted throughp
T+2376s available=3.7GiB | (APIServer pid=1) INFO:     192.168.8.30:61680 - "POST /v1/chat/completions HTTP/1.1" 200 OK
T+2378s available=3.8GiB | (APIServer pid=1) INFO:     192.168.8.30:61680 - "POST /v1/chat/completions HTTP/1.1" 200 OK
T+2381s available=3.7GiB | (APIServer pid=1) INFO 09-07 19:02:29 [metrics.py:120] SpecDecoding metrics: Mean acceptance length: 2.56, Accepted throughput: 66.19 tokens/s, Drafted throughp
T+2383s available=3.7GiB | (APIServer pid=1) INFO:     192.168.8.30:61648 - "POST /v1/chat/completions HTTP/1.1" 200 OK
T+2385s available=3.7GiB | (APIServer pid=1) INFO:     192.168.8.30:61648 - "POST /v1/chat/completions HTTP/1.1" 200 OK
T+2387s available=3.7GiB | (APIServer pid=1) INFO:     192.168.8.30:61648 - "POST /v1/chat/completions HTTP/1.1" 200 OK
T+2389s available=3.7GiB | (APIServer pid=1) INFO:     192.168.8.30:61648 - "POST /v1/chat/completions HTTP/1.1" 200 OK
T+2391s available=3.7GiB | (APIServer pid=1) INFO:     192.168.8.30:61680 - "POST /v1/chat/completions HTTP/1.1" 200 OK
T+2393s available=3.7GiB | (APIServer pid=1) INFO:     192.168.8.30:61680 - "POST /v1/chat/completions HTTP/1.1" 200 OK
T+2395s available=3.7GiB | (APIServer pid=1) INFO:     192.168.8.30:61660 - "POST /v1/chat/completions HTTP/1.1" 200 OK
T+2397s available=3.7GiB | (APIServer pid=1) INFO:     192.168.8.30:61648 - "POST /v1/chat/completions HTTP/1.1" 200 OK
T+2399s available=3.7GiB | (APIServer pid=1) INFO:     192.168.8.30:61648 - "POST /v1/chat/completions HTTP/1.1" 200 OK
T+2401s available=3.7GiB | (APIServer pid=1) INFO 09-07 19:02:49 [metrics.py:120] SpecDecoding metrics: Mean acceptance length: 2.68, Accepted throughput: 63.09 tokens/s, Drafted throughp
T+2403s available=3.7GiB | (APIServer pid=1) INFO 09-07 19:02:49 [metrics.py:120] SpecDecoding metrics: Mean acceptance length: 2.68, Accepted throughput: 63.09 tokens/s, Drafted throughp
T+2405s available=3.7GiB | (APIServer pid=1) INFO:     192.168.8.30:61680 - "POST /v1/chat/completions HTTP/1.1" 200 OK
T+2407s available=3.7GiB | (APIServer pid=1) INFO:     192.168.8.30:61680 - "POST /v1/chat/completions HTTP/1.1" 200 OK
T+2409s available=3.7GiB | (APIServer pid=1) INFO:     192.168.8.30:61648 - "POST /v1/chat/completions HTTP/1.1" 200 OK
T+2411s available=3.7GiB | (APIServer pid=1) INFO 09-07 19:02:59 [metrics.py:120] SpecDecoding metrics: Mean acceptance length: 2.53, Accepted throughput: 56.20 tokens/s, Drafted throughp
T+2414s available=3.7GiB | (APIServer pid=1) INFO:     192.168.8.30:61684 - "POST /v1/chat/completions HTTP/1.1" 200 OK
T+2416s available=3.7GiB | (APIServer pid=1) INFO:     192.168.8.30:61684 - "POST /v1/chat/completions HTTP/1.1" 200 OK
T+2418s available=3.7GiB | (APIServer pid=1) INFO:     192.168.8.30:61648 - "POST /v1/chat/completions HTTP/1.1" 200 OK
T+2420s available=3.7GiB | (APIServer pid=1) INFO:     192.168.8.30:61700 - "POST /v1/chat/completions HTTP/1.1" 200 OK
T+2422s available=3.7GiB | (APIServer pid=1) INFO 09-07 19:03:09 [metrics.py:120] SpecDecoding metrics: Mean acceptance length: 2.84, Accepted throughput: 70.09 tokens/s, Drafted throughp
T+2424s available=3.7GiB | (APIServer pid=1) INFO:     192.168.8.30:61680 - "POST /v1/chat/completions HTTP/1.1" 200 OK
T+2426s available=3.7GiB | (APIServer pid=1) INFO:     192.168.8.30:61648 - "POST /v1/chat/completions HTTP/1.1" 200 OK
T+2428s available=3.7GiB | (APIServer pid=1) INFO:     192.168.8.30:61648 - "POST /v1/chat/completions HTTP/1.1" 200 OK
T+2430s available=3.7GiB | (APIServer pid=1) INFO:     192.168.8.30:61680 - "POST /v1/chat/completions HTTP/1.1" 200 OK
T+2432s available=3.7GiB | (APIServer pid=1) INFO:     192.168.8.30:61640 - "POST /v1/chat/completions HTTP/1.1" 200 OK
T+2434s available=3.7GiB | (APIServer pid=1) INFO:     192.168.8.30:61640 - "POST /v1/chat/completions HTTP/1.1" 200 OK
T+2436s available=3.7GiB | (APIServer pid=1) INFO:     192.168.8.30:61640 - "POST /v1/chat/completions HTTP/1.1" 200 OK
T+2438s available=3.7GiB | (APIServer pid=1) INFO:     192.168.8.30:61640 - "POST /v1/chat/completions HTTP/1.1" 200 OK
T+2440s available=3.7GiB | (APIServer pid=1) INFO 09-07 19:03:29 [metrics.py:120] SpecDecoding metrics: Mean acceptance length: 2.66, Accepted throughput: 68.30 tokens/s, Drafted throughp
T+2442s available=3.7GiB | (APIServer pid=1) INFO:     192.168.8.30:61680 - "POST /v1/chat/completions HTTP/1.1" 200 OK
T+2444s available=3.7GiB | (APIServer pid=1) INFO:     192.168.8.30:61646 - "POST /v1/chat/completions HTTP/1.1" 200 OK
T+2446s available=3.8GiB | (APIServer pid=1) INFO:     192.168.8.30:61646 - "POST /v1/chat/completions HTTP/1.1" 200 OK
T+2449s available=3.7GiB | (APIServer pid=1) INFO:     192.168.8.30:61684 - "POST /v1/chat/completions HTTP/1.1" 200 OK
T+2451s available=3.7GiB | (APIServer pid=1) INFO 09-07 19:03:39 [metrics.py:120] SpecDecoding metrics: Mean acceptance length: 3.18, Accepted throughput: 57.89 tokens/s, Drafted throughp
T+2453s available=3.7GiB | (APIServer pid=1) INFO:     192.168.8.30:61640 - "POST /v1/chat/completions HTTP/1.1" 200 OK
T+2455s available=3.7GiB | (APIServer pid=1) INFO:     192.168.8.30:61640 - "POST /v1/chat/completions HTTP/1.1" 200 OK
T+2457s available=3.7GiB | (APIServer pid=1) INFO:     192.168.8.30:61648 - "POST /v1/chat/completions HTTP/1.1" 200 OK
T+2459s available=3.7GiB | (APIServer pid=1) INFO:     192.168.8.30:61684 - "POST /v1/chat/completions HTTP/1.1" 200 OK
T+2461s available=3.7GiB | (APIServer pid=1) INFO 09-07 19:03:49 [metrics.py:120] SpecDecoding metrics: Mean acceptance length: 2.80, Accepted throughput: 57.49 tokens/s, Drafted throughp
T+2463s available=3.7GiB | (APIServer pid=1) INFO 09-07 19:03:49 [metrics.py:120] SpecDecoding metrics: Mean acceptance length: 2.80, Accepted throughput: 57.49 tokens/s, Drafted throughp
T+2465s available=3.7GiB | (APIServer pid=1) INFO 09-07 19:03:49 [metrics.py:120] SpecDecoding metrics: Mean acceptance length: 2.80, Accepted throughput: 57.49 tokens/s, Drafted throughp
T+2467s available=3.7GiB | (APIServer pid=1) INFO 09-07 19:03:49 [metrics.py:120] SpecDecoding metrics: Mean acceptance length: 2.80, Accepted throughput: 57.49 tokens/s, Drafted throughp
T+2469s available=3.7GiB | (APIServer pid=1) INFO 09-07 19:03:49 [metrics.py:120] SpecDecoding metrics: Mean acceptance length: 2.80, Accepted throughput: 57.49 tokens/s, Drafted throughp
T+2471s available=3.7GiB | (APIServer pid=1) INFO 09-07 19:03:59 [metrics.py:120] SpecDecoding metrics: Mean acceptance length: 2.96, Accepted throughput: 71.59 tokens/s, Drafted throughp
T+2473s available=3.7GiB | (APIServer pid=1) INFO:     192.168.8.30:61648 - "POST /v1/chat/completions HTTP/1.1" 200 OK
T+2475s available=3.7GiB | (APIServer pid=1) INFO:     192.168.8.30:61634 - "POST /v1/chat/completions HTTP/1.1" 200 OK
T+2477s available=3.7GiB | (APIServer pid=1) INFO:     192.168.8.30:61634 - "POST /v1/chat/completions HTTP/1.1" 200 OK
T+2479s available=3.7GiB | (APIServer pid=1) INFO:     192.168.8.30:61634 - "POST /v1/chat/completions HTTP/1.1" 200 OK
T+2481s available=3.7GiB | (APIServer pid=1) INFO 09-07 19:04:09 [metrics.py:120] SpecDecoding metrics: Mean acceptance length: 2.97, Accepted throughput: 67.79 tokens/s, Drafted throughp
T+2484s available=3.7GiB | (APIServer pid=1) INFO:     192.168.8.30:61640 - "POST /v1/chat/completions HTTP/1.1" 200 OK
T+2486s available=3.7GiB | (APIServer pid=1) INFO:     192.168.8.30:61648 - "POST /v1/chat/completions HTTP/1.1" 200 OK
T+2488s available=3.7GiB | (APIServer pid=1) INFO:     192.168.8.30:61648 - "POST /v1/chat/completions HTTP/1.1" 200 OK
T+2490s available=3.7GiB | (APIServer pid=1) INFO:     192.168.8.30:61648 - "POST /v1/chat/completions HTTP/1.1" 200 OK
T+2492s available=3.7GiB | (APIServer pid=1) INFO:     192.168.8.30:61680 - "POST /v1/chat/completions HTTP/1.1" 200 OK
T+2494s available=3.7GiB | (APIServer pid=1) INFO:     192.168.8.30:61648 - "POST /v1/chat/completions HTTP/1.1" 200 OK
T+2496s available=3.7GiB | (APIServer pid=1) INFO:     192.168.8.30:61634 - "POST /v1/chat/completions HTTP/1.1" 200 OK
T+2498s available=3.7GiB | (APIServer pid=1) INFO:     192.168.8.30:61634 - "POST /v1/chat/completions HTTP/1.1" 200 OK
T+2500s available=3.8GiB | (APIServer pid=1) INFO:     192.168.8.30:61634 - "POST /v1/chat/completions HTTP/1.1" 200 OK
T+2502s available=3.7GiB | (APIServer pid=1) INFO 09-07 19:04:29 [metrics.py:120] SpecDecoding metrics: Mean acceptance length: 2.58, Accepted throughput: 48.29 tokens/s, Drafted throughp
T+2504s available=3.8GiB | (APIServer pid=1) INFO 09-07 19:04:29 [metrics.py:120] SpecDecoding metrics: Mean acceptance length: 2.58, Accepted throughput: 48.29 tokens/s, Drafted throughp
T+2506s available=3.7GiB | (APIServer pid=1) INFO 09-07 19:04:29 [metrics.py:120] SpecDecoding metrics: Mean acceptance length: 2.58, Accepted throughput: 48.29 tokens/s, Drafted throughp
T+2508s available=3.7GiB | (APIServer pid=1) INFO:     192.168.8.30:61640 - "POST /v1/chat/completions HTTP/1.1" 200 OK
T+2510s available=3.7GiB | (APIServer pid=1) INFO 09-07 19:04:39 [metrics.py:120] SpecDecoding metrics: Mean acceptance length: 2.95, Accepted throughput: 45.80 tokens/s, Drafted throughp
T+2512s available=3.7GiB | (APIServer pid=1) INFO 09-07 19:04:39 [metrics.py:120] SpecDecoding metrics: Mean acceptance length: 2.95, Accepted throughput: 45.80 tokens/s, Drafted throughp
T+2514s available=3.7GiB | (APIServer pid=1) INFO:     192.168.8.30:61652 - "POST /v1/chat/completions HTTP/1.1" 200 OK
T+2516s available=3.8GiB | (APIServer pid=1) INFO:     192.168.8.30:61652 - "POST /v1/chat/completions HTTP/1.1" 200 OK
T+2519s available=3.7GiB | (APIServer pid=1) INFO:     192.168.8.30:61652 - "POST /v1/chat/completions HTTP/1.1" 200 OK
T+2521s available=3.7GiB | (APIServer pid=1) INFO 09-07 19:04:49 [metrics.py:120] SpecDecoding metrics: Mean acceptance length: 2.69, Accepted throughput: 45.20 tokens/s, Drafted throughp
T+2523s available=3.7GiB | (APIServer pid=1) INFO 09-07 19:04:49 [metrics.py:120] SpecDecoding metrics: Mean acceptance length: 2.69, Accepted throughput: 45.20 tokens/s, Drafted throughp
T+2525s available=3.8GiB | (APIServer pid=1) INFO:     192.168.8.30:61654 - "POST /v1/chat/completions HTTP/1.1" 200 OK
T+2527s available=3.8GiB | (APIServer pid=1) INFO:     192.168.8.30:61652 - "POST /v1/chat/completions HTTP/1.1" 200 OK
T+2529s available=3.7GiB | (APIServer pid=1) INFO:     192.168.8.30:61636 - "POST /v1/chat/completions HTTP/1.1" 200 OK
T+2531s available=3.8GiB | (APIServer pid=1) INFO 09-07 19:04:59 [metrics.py:120] SpecDecoding metrics: Mean acceptance length: 2.52, Accepted throughput: 52.49 tokens/s, Drafted throughp
T+2533s available=3.7GiB | (APIServer pid=1) INFO 09-07 19:04:59 [metrics.py:120] SpecDecoding metrics: Mean acceptance length: 2.52, Accepted throughput: 52.49 tokens/s, Drafted throughp
T+2535s available=3.7GiB | (APIServer pid=1) INFO 09-07 19:04:59 [metrics.py:120] SpecDecoding metrics: Mean acceptance length: 2.52, Accepted throughput: 52.49 tokens/s, Drafted throughp
T+2537s available=3.7GiB | (APIServer pid=1) INFO:     192.168.8.30:61636 - "POST /v1/chat/completions HTTP/1.1" 200 OK
T+2539s available=3.7GiB | (APIServer pid=1) INFO:     192.168.8.30:61636 - "POST /v1/chat/completions HTTP/1.1" 200 OK
T+2541s available=3.8GiB | (APIServer pid=1) INFO:     192.168.8.30:61636 - "POST /v1/chat/completions HTTP/1.1" 200 OK
T+2543s available=3.8GiB | (APIServer pid=1) INFO:     192.168.8.30:61636 - "POST /v1/chat/completions HTTP/1.1" 200 OK
T+2545s available=3.7GiB | (APIServer pid=1) INFO:     192.168.8.30:61652 - "POST /v1/chat/completions HTTP/1.1" 200 OK
T+2547s available=3.7GiB | (APIServer pid=1) INFO:     192.168.8.30:61640 - "POST /v1/chat/completions HTTP/1.1" 200 OK
T+2549s available=3.7GiB | (APIServer pid=1) INFO:     192.168.8.30:61640 - "POST /v1/chat/completions HTTP/1.1" 200 OK
T+2551s available=3.7GiB | (APIServer pid=1) INFO 09-07 19:05:19 [metrics.py:120] SpecDecoding metrics: Mean acceptance length: 2.95, Accepted throughput: 62.49 tokens/s, Drafted throughp
T+2554s available=3.7GiB | (APIServer pid=1) INFO:     192.168.8.30:61640 - "POST /v1/chat/completions HTTP/1.1" 200 OK
T+2556s available=3.7GiB | (APIServer pid=1) INFO:     192.168.8.30:61640 - "POST /v1/chat/completions HTTP/1.1" 200 OK
T+2558s available=3.7GiB | (APIServer pid=1) INFO:     192.168.8.30:61640 - "POST /v1/chat/completions HTTP/1.1" 200 OK
T+2560s available=3.7GiB | (APIServer pid=1) INFO:     192.168.8.30:61640 - "POST /v1/chat/completions HTTP/1.1" 200 OK
T+2562s available=3.7GiB | (APIServer pid=1) INFO:     192.168.8.30:61640 - "POST /v1/chat/completions HTTP/1.1" 200 OK
T+2564s available=3.7GiB | (APIServer pid=1) INFO:     192.168.8.30:61640 - "POST /v1/chat/completions HTTP/1.1" 200 OK
T+2566s available=3.7GiB | (APIServer pid=1) INFO:     192.168.8.30:61640 - "POST /v1/chat/completions HTTP/1.1" 200 OK
T+2568s available=3.7GiB | (APIServer pid=1) INFO:     192.168.8.30:61652 - "POST /v1/chat/completions HTTP/1.1" 200 OK
T+2570s available=3.8GiB | (APIServer pid=1) INFO:     192.168.8.30:61652 - "POST /v1/chat/completions HTTP/1.1" 200 OK
T+2572s available=3.7GiB | (APIServer pid=1) INFO 09-07 19:05:39 [metrics.py:120] SpecDecoding metrics: Mean acceptance length: 2.48, Accepted throughput: 53.99 tokens/s, Drafted throughp
T+2574s available=3.8GiB | (APIServer pid=1) INFO 09-07 19:05:39 [metrics.py:120] SpecDecoding metrics: Mean acceptance length: 2.48, Accepted throughput: 53.99 tokens/s, Drafted throughp
T+2576s available=3.7GiB | (APIServer pid=1) INFO:     192.168.8.30:61680 - "POST /v1/chat/completions HTTP/1.1" 200 OK
T+2578s available=3.8GiB | (APIServer pid=1) INFO:     192.168.8.30:61652 - "POST /v1/chat/completions HTTP/1.1" 200 OK
T+2580s available=3.7GiB | (APIServer pid=1) INFO 09-07 19:05:49 [metrics.py:120] SpecDecoding metrics: Mean acceptance length: 2.81, Accepted throughput: 55.60 tokens/s, Drafted throughp
T+2582s available=3.7GiB | (APIServer pid=1) INFO 09-07 19:05:49 [metrics.py:120] SpecDecoding metrics: Mean acceptance length: 2.81, Accepted throughput: 55.60 tokens/s, Drafted throughp
T+2584s available=3.7GiB | (APIServer pid=1) INFO 09-07 19:05:49 [metrics.py:120] SpecDecoding metrics: Mean acceptance length: 2.81, Accepted throughput: 55.60 tokens/s, Drafted throughp
T+2586s available=3.7GiB | (APIServer pid=1) INFO 09-07 19:05:49 [metrics.py:120] SpecDecoding metrics: Mean acceptance length: 2.81, Accepted throughput: 55.60 tokens/s, Drafted throughp
T+2588s available=3.8GiB | (APIServer pid=1) INFO:     192.168.8.30:61652 - "POST /v1/chat/completions HTTP/1.1" 200 OK
T+2591s available=3.7GiB | (APIServer pid=1) INFO 09-07 19:05:59 [metrics.py:120] SpecDecoding metrics: Mean acceptance length: 2.74, Accepted throughput: 65.49 tokens/s, Drafted throughp
T+2593s available=3.7GiB | (APIServer pid=1) INFO:     192.168.8.30:61640 - "POST /v1/chat/completions HTTP/1.1" 200 OK
T+2595s available=3.7GiB | (APIServer pid=1) INFO:     192.168.8.30:61640 - "POST /v1/chat/completions HTTP/1.1" 200 OK
T+2597s available=3.7GiB | (APIServer pid=1) INFO:     192.168.8.30:61636 - "POST /v1/chat/completions HTTP/1.1" 200 OK
T+2599s available=3.7GiB | (APIServer pid=1) INFO:     192.168.8.30:61652 - "POST /v1/chat/completions HTTP/1.1" 200 OK
T+2601s available=3.7GiB | (APIServer pid=1) INFO:     192.168.8.30:61636 - "POST /v1/chat/completions HTTP/1.1" 200 OK
T+2603s available=3.7GiB | (APIServer pid=1) INFO:     192.168.8.30:61636 - "POST /v1/chat/completions HTTP/1.1" 200 OK
T+2605s available=3.7GiB | (APIServer pid=1) INFO:     192.168.8.30:61636 - "POST /v1/chat/completions HTTP/1.1" 200 OK
T+2607s available=3.7GiB | (APIServer pid=1) INFO:     192.168.8.30:61636 - "POST /v1/chat/completions HTTP/1.1" 200 OK
T+2609s available=3.7GiB | (APIServer pid=1) INFO:     192.168.8.30:61636 - "POST /v1/chat/completions HTTP/1.1" 200 OK
T+2611s available=3.7GiB | (APIServer pid=1) INFO 09-07 19:06:19 [metrics.py:120] SpecDecoding metrics: Mean acceptance length: 2.81, Accepted throughput: 69.19 tokens/s, Drafted throughp
T+2613s available=3.7GiB | (APIServer pid=1) INFO 09-07 19:06:19 [metrics.py:120] SpecDecoding metrics: Mean acceptance length: 2.81, Accepted throughput: 69.19 tokens/s, Drafted throughp
T+2615s available=3.7GiB | (APIServer pid=1) INFO 09-07 19:06:19 [metrics.py:120] SpecDecoding metrics: Mean acceptance length: 2.81, Accepted throughput: 69.19 tokens/s, Drafted throughp
T+2617s available=3.7GiB | (APIServer pid=1) INFO:     192.168.8.30:61652 - "POST /v1/chat/completions HTTP/1.1" 200 OK
T+2619s available=3.7GiB | (APIServer pid=1) INFO:     192.168.8.30:61670 - "POST /v1/chat/completions HTTP/1.1" 200 OK
T+2621s available=3.7GiB | (APIServer pid=1) INFO 09-07 19:06:29 [metrics.py:120] SpecDecoding metrics: Mean acceptance length: 2.95, Accepted throughput: 80.49 tokens/s, Drafted throughp
T+2623s available=3.7GiB | (APIServer pid=1) INFO 09-07 19:06:29 [metrics.py:120] SpecDecoding metrics: Mean acceptance length: 2.95, Accepted throughput: 80.49 tokens/s, Drafted throughp
T+2626s available=3.7GiB | (APIServer pid=1) INFO:     192.168.8.30:61670 - "POST /v1/chat/completions HTTP/1.1" 200 OK
T+2628s available=3.7GiB | (APIServer pid=1) INFO:     192.168.8.30:61670 - "POST /v1/chat/completions HTTP/1.1" 200 OK
T+2630s available=3.8GiB | (APIServer pid=1) INFO:     192.168.8.30:61640 - "POST /v1/chat/completions HTTP/1.1" 200 OK
T+2632s available=3.8GiB | (APIServer pid=1) INFO:     192.168.8.30:61652 - "POST /v1/chat/completions HTTP/1.1" 200 OK
T+2634s available=3.8GiB | (APIServer pid=1) INFO:     192.168.8.30:61636 - "POST /v1/chat/completions HTTP/1.1" 200 OK
T+2636s available=3.8GiB | (APIServer pid=1) INFO:     192.168.8.30:61636 - "POST /v1/chat/completions HTTP/1.1" 200 OK
T+2638s available=3.7GiB | (APIServer pid=1) INFO:     192.168.8.30:61652 - "POST /v1/chat/completions HTTP/1.1" 200 OK
T+2640s available=3.8GiB | (APIServer pid=1) INFO:     192.168.8.30:61680 - "POST /v1/chat/completions HTTP/1.1" 200 OK
T+2642s available=3.7GiB | (APIServer pid=1) INFO 09-07 19:06:49 [metrics.py:120] SpecDecoding metrics: Mean acceptance length: 3.01, Accepted throughput: 68.09 tokens/s, Drafted throughp
T+2644s available=3.7GiB | (APIServer pid=1) INFO:     192.168.8.30:61680 - "POST /v1/chat/completions HTTP/1.1" 200 OK
T+2646s available=3.7GiB | (APIServer pid=1) INFO:     192.168.8.30:61680 - "POST /v1/chat/completions HTTP/1.1" 200 OK
T+2648s available=3.7GiB | (APIServer pid=1) INFO:     192.168.8.30:61636 - "POST /v1/chat/completions HTTP/1.1" 200 OK
T+2650s available=3.7GiB | (APIServer pid=1) INFO 09-07 19:06:59 [metrics.py:120] SpecDecoding metrics: Mean acceptance length: 2.87, Accepted throughput: 62.09 tokens/s, Drafted throughp
T+2652s available=3.7GiB | (APIServer pid=1) INFO:     192.168.8.30:61678 - "POST /v1/chat/completions HTTP/1.1" 200 OK
T+2654s available=3.7GiB | (APIServer pid=1) INFO:     192.168.8.30:61670 - "POST /v1/chat/completions HTTP/1.1" 200 OK
T+2656s available=3.7GiB | (APIServer pid=1) INFO:     192.168.8.30:61670 - "POST /v1/chat/completions HTTP/1.1" 200 OK
T+2658s available=3.8GiB | (APIServer pid=1) INFO:     192.168.8.30:61670 - "POST /v1/chat/completions HTTP/1.1" 200 OK
T+2661s available=3.7GiB | (APIServer pid=1) INFO 09-07 19:07:09 [metrics.py:120] SpecDecoding metrics: Mean acceptance length: 2.67, Accepted throughput: 55.70 tokens/s, Drafted throughp
T+2663s available=3.8GiB | (APIServer pid=1) INFO:     192.168.8.30:61678 - "POST /v1/chat/completions HTTP/1.1" 200 OK
T+2665s available=3.7GiB | (APIServer pid=1) INFO:     192.168.8.30:61678 - "POST /v1/chat/completions HTTP/1.1" 200 OK
T+2667s available=3.7GiB | (APIServer pid=1) INFO:     192.168.8.30:61678 - "POST /v1/chat/completions HTTP/1.1" 200 OK
T+2669s available=3.8GiB | (APIServer pid=1) INFO:     192.168.8.30:61678 - "POST /v1/chat/completions HTTP/1.1" 200 OK
T+2671s available=3.7GiB | (APIServer pid=1) INFO:     192.168.8.30:61680 - "POST /v1/chat/completions HTTP/1.1" 200 OK
T+2673s available=3.7GiB | (APIServer pid=1) INFO:     192.168.8.30:61680 - "POST /v1/chat/completions HTTP/1.1" 200 OK
T+2675s available=4.5GiB | (APIServer pid=1) INFO:     192.168.8.30:61636 - "POST /v1/chat/completions HTTP/1.1" 200 OK
T+2677s available=4.6GiB | (APIServer pid=1) INFO:     192.168.8.30:61636 - "POST /v1/chat/completions HTTP/1.1" 200 OK
T+2679s available=4.6GiB | (APIServer pid=1) INFO:     192.168.8.30:61636 - "POST /v1/chat/completions HTTP/1.1" 200 OK
T+2681s available=4.5GiB | (APIServer pid=1) INFO 09-07 19:07:29 [metrics.py:120] SpecDecoding metrics: Mean acceptance length: 2.60, Accepted throughput: 61.60 tokens/s, Drafted throughp
T+2683s available=4.5GiB | (APIServer pid=1) INFO:     192.168.8.30:61678 - "POST /v1/chat/completions HTTP/1.1" 200 OK
T+2685s available=4.5GiB | (APIServer pid=1) INFO:     192.168.8.30:61678 - "POST /v1/chat/completions HTTP/1.1" 200 OK
T+2687s available=4.5GiB | (APIServer pid=1) INFO:     192.168.8.30:61670 - "POST /v1/chat/completions HTTP/1.1" 200 OK
T+2689s available=4.5GiB | (APIServer pid=1) INFO:     192.168.8.30:61670 - "POST /v1/chat/completions HTTP/1.1" 200 OK
T+2691s available=4.5GiB | (APIServer pid=1) INFO 09-07 19:07:39 [metrics.py:120] SpecDecoding metrics: Mean acceptance length: 2.76, Accepted throughput: 48.00 tokens/s, Drafted throughp
T+2694s available=4.5GiB | (APIServer pid=1) INFO 09-07 19:07:39 [metrics.py:120] SpecDecoding metrics: Mean acceptance length: 2.76, Accepted throughput: 48.00 tokens/s, Drafted throughp
T+2696s available=4.5GiB | (APIServer pid=1) INFO 09-07 19:07:39 [metrics.py:120] SpecDecoding metrics: Mean acceptance length: 2.76, Accepted throughput: 48.00 tokens/s, Drafted throughp
T+2698s available=4.5GiB | (APIServer pid=1) INFO:     192.168.8.30:61678 - "POST /v1/chat/completions HTTP/1.1" 200 OK
T+2700s available=4.5GiB | (APIServer pid=1) INFO:     192.168.8.30:61678 - "POST /v1/chat/completions HTTP/1.1" 200 OK
T+2702s available=4.5GiB | (APIServer pid=1) INFO:     192.168.8.30:61670 - "POST /v1/chat/completions HTTP/1.1" 200 OK
T+2704s available=4.5GiB | (APIServer pid=1) INFO:     192.168.8.30:61670 - "POST /v1/chat/completions HTTP/1.1" 200 OK
T+2706s available=4.5GiB | (APIServer pid=1) INFO:     192.168.8.30:61640 - "POST /v1/chat/completions HTTP/1.1" 200 OK
T+2708s available=4.5GiB | (APIServer pid=1) INFO:     192.168.8.30:61678 - "POST /v1/chat/completions HTTP/1.1" 200 OK
T+2710s available=4.5GiB | (APIServer pid=1) INFO:     192.168.8.30:61636 - "POST /v1/chat/completions HTTP/1.1" 200 OK
T+2712s available=4.5GiB | (APIServer pid=1) INFO 09-07 19:07:59 [metrics.py:120] SpecDecoding metrics: Mean acceptance length: 2.77, Accepted throughput: 53.90 tokens/s, Drafted throughp
T+2714s available=4.4GiB | (APIServer pid=1) INFO:     192.168.8.30:61640 - "POST /v1/chat/completions HTTP/1.1" 200 OK
T+2716s available=4.5GiB | (APIServer pid=1) INFO:     192.168.8.30:61640 - "POST /v1/chat/completions HTTP/1.1" 200 OK
T+2718s available=4.4GiB | (APIServer pid=1) INFO:     192.168.8.30:61640 - "POST /v1/chat/completions HTTP/1.1" 200 OK
T+2720s available=4.4GiB | (APIServer pid=1) INFO 09-07 19:08:09 [metrics.py:120] SpecDecoding metrics: Mean acceptance length: 2.96, Accepted throughput: 55.39 tokens/s, Drafted throughp
T+2722s available=4.5GiB | (APIServer pid=1) INFO 09-07 19:08:09 [metrics.py:120] SpecDecoding metrics: Mean acceptance length: 2.96, Accepted throughput: 55.39 tokens/s, Drafted throughp
T+2724s available=4.5GiB | (APIServer pid=1) INFO:     192.168.8.30:61640 - "POST /v1/chat/completions HTTP/1.1" 200 OK
T+2726s available=4.5GiB | (APIServer pid=1) INFO:     192.168.8.30:61640 - "POST /v1/chat/completions HTTP/1.1" 200 OK
T+2729s available=4.5GiB | (APIServer pid=1) INFO:     192.168.8.30:61640 - "POST /v1/chat/completions HTTP/1.1" 200 OK
T+2731s available=4.5GiB | (APIServer pid=1) INFO 09-07 19:08:19 [metrics.py:120] SpecDecoding metrics: Mean acceptance length: 3.01, Accepted throughput: 66.59 tokens/s, Drafted throughp
T+2733s available=4.5GiB | (APIServer pid=1) INFO 09-07 19:08:19 [metrics.py:120] SpecDecoding metrics: Mean acceptance length: 3.01, Accepted throughput: 66.59 tokens/s, Drafted throughp
T+2735s available=4.5GiB | (APIServer pid=1) INFO:     192.168.8.30:61670 - "POST /v1/chat/completions HTTP/1.1" 200 OK
T+2737s available=4.5GiB | (APIServer pid=1) INFO:     192.168.8.30:61670 - "POST /v1/chat/completions HTTP/1.1" 200 OK
T+2739s available=4.5GiB | (APIServer pid=1) INFO:     192.168.8.30:61640 - "POST /v1/chat/completions HTTP/1.1" 200 OK
T+2741s available=4.5GiB | (APIServer pid=1) INFO 09-07 19:08:29 [metrics.py:120] SpecDecoding metrics: Mean acceptance length: 2.92, Accepted throughput: 70.79 tokens/s, Drafted throughp
T+2743s available=4.5GiB | (APIServer pid=1) INFO:     192.168.8.30:61664 - "POST /v1/chat/completions HTTP/1.1" 200 OK
T+2745s available=4.5GiB | (APIServer pid=1) INFO:     192.168.8.30:61664 - "POST /v1/chat/completions HTTP/1.1" 200 OK
T+2747s available=4.5GiB | (APIServer pid=1) INFO:     192.168.8.30:61670 - "POST /v1/chat/completions HTTP/1.1" 200 OK
T+2749s available=4.5GiB | (APIServer pid=1) INFO:     192.168.8.30:61670 - "POST /v1/chat/completions HTTP/1.1" 200 OK
T+2751s available=4.5GiB | (APIServer pid=1) INFO:     192.168.8.30:61670 - "POST /v1/chat/completions HTTP/1.1" 200 OK
T+2753s available=4.5GiB | (APIServer pid=1) INFO:     192.168.8.30:61670 - "POST /v1/chat/completions HTTP/1.1" 200 OK
T+2755s available=4.5GiB | (APIServer pid=1) INFO:     192.168.8.30:61670 - "POST /v1/chat/completions HTTP/1.1" 200 OK
T+2757s available=4.5GiB | (APIServer pid=1) INFO:     192.168.8.30:61670 - "POST /v1/chat/completions HTTP/1.1" 200 OK
T+2760s available=4.5GiB | (APIServer pid=1) INFO:     192.168.8.30:61640 - "POST /v1/chat/completions HTTP/1.1" 200 OK
T+2762s available=4.5GiB | (APIServer pid=1) INFO 09-07 19:08:49 [metrics.py:120] SpecDecoding metrics: Mean acceptance length: 3.32, Accepted throughput: 70.89 tokens/s, Drafted throughp
T+2764s available=4.5GiB | (APIServer pid=1) INFO 09-07 19:08:49 [metrics.py:120] SpecDecoding metrics: Mean acceptance length: 3.32, Accepted throughput: 70.89 tokens/s, Drafted throughp
T+2766s available=4.5GiB | (APIServer pid=1) INFO 09-07 19:08:49 [metrics.py:120] SpecDecoding metrics: Mean acceptance length: 3.32, Accepted throughput: 70.89 tokens/s, Drafted throughp
T+2768s available=4.5GiB | (APIServer pid=1) INFO 09-07 19:08:49 [metrics.py:120] SpecDecoding metrics: Mean acceptance length: 3.32, Accepted throughput: 70.89 tokens/s, Drafted throughp
T+2770s available=4.5GiB | (APIServer pid=1) INFO:     192.168.8.30:61640 - "POST /v1/chat/completions HTTP/1.1" 200 OK
T+2772s available=4.5GiB | (APIServer pid=1) INFO 09-07 19:08:59 [metrics.py:120] SpecDecoding metrics: Mean acceptance length: 3.38, Accepted throughput: 102.69 tokens/s, Drafted through
T+2774s available=4.5GiB | (APIServer pid=1) INFO 09-07 19:08:59 [metrics.py:120] SpecDecoding metrics: Mean acceptance length: 3.38, Accepted throughput: 102.69 tokens/s, Drafted through
